,AFE101,AFE103,BIO101,CHM101,CSC101,GST111,GST113,GST115,MAT101,PHY101,PHY103,PHY107,STA111,AFE124,AFE126,AFE128,AFE130,AFE132,CSC102,CSC104,GST114,GST122,MAT102,MAT104,PHY102,PHY108,STA132,AFE101.1,AFE103.1,AFE203,AFE2051,BIO 101,CHM101.1,CSC101.1,CSC201,CSC203,CSC205,CSC207,CSC2093,CSC211,GST111.1,GST113.1,GST115.1,MAT101.1,MAT201,MAT205,PHY101.1,PHY103.1,PHY107.1,STA111.1,STA211,AFE126.1,AFE130.1,AFE202,CSC102.1,CSC104.1,CSC202,CSC204,CSC206,CSC208,GST114.1,GST212,MAT102.1,MAT104.1,MAT204,PHY102.1,PHY108.1,PHY202,STA132.1,AFE103.2,AFE203.1,AFE2051.1,BIO101.1,CSC201.1,CSC203.1,CSC205.1,CSC207.1,CSC2093.1,CSC211.1,CSC299,CSC301,CSC303,CSC305,CSC307,CSC309,CSC311,CSC315,GST113.2,GST115.2,GST301,MAT101.2,MAT201.1,MAT205.1,PHY101.2,PHY107.2,STA111.2,STA211.1,AFE126.2,AFE128.1,AFE202.1,CSC202.1,CSC204.1,CSC206.1,CSC208.1,CSC208.2,CSC302,CSC304,CSC306,CSC308,CSC310,CSC312,CSC314,GST212.1,MAT204.1,PHY102.2,PHY108.2,PHY202.1,300L_2ND_CGPA
0,5.0,0.0,0.0,2.0,3.0,2.0,2.0,4.0,3.0,2.0,4.0,3.0,2.0,3.0,0.0,3.0,0.0,0.0,0.0,0.0,3.0,3.0,2.0,5.0,4.0,2.0,3.0,0.0,0.0,0.0,0.0,0.0,0.0,0.0,3.0,3.0,4.0,3.0,2.0,3.0,0.0,0.0,0.0,0.0,4.0,3.0,0.0,0.0,0.0,0.0,2.0,0.0,0.0,4.0,4.0,0.0,3.0,4.0,3.0,4.0,0.0,5.0,0.0,0.0,4.0,0.0,0.0,4.0,0.0,4.0,2.0,0.0,5.0,0.0,0.0,0.0,0.0,0.0,0.0,4.0,4.0,2.0,3.0,3.0,2.0,4.0,3.0,0.0,0.0,4.0,0.0,0.0,0.0,0.0,0.0,0.0,0.0,0.0,0.0,0.0,0.0,0.0,0.0,0.0,0.0,4.0,3.0,3.0,5.0,5.0,2.0,2.0,0.0,0.0,0.0,0.0,0.0,3.26
1,3.0,0.0,0.0,2.0,0.0,0.0,4.0,2.0,2.0,2.0,2.0,4.0,0.0,2.0,0.0,2.0,0.0,0.0,0.0,0.0,3.0,3.0,2.0,5.0,3.0,2.0,4.0,0.0,0.0,0.0,2.0,0.0,0.0,5.0,4.0,3.0,2.0,2.0,4.0,0.0,2.0,0.0,0.0,0.0,4.0,0.0,0.0,0.0,0.0,3.0,0.0,0.0,0.0,0.0,2.0,4.0,2.0,2.0,0.0,3.0,0.0,0.0,0.0,0.0,2.0,0.0,0.0,2.0,0.0,0.0,0.0,0.0,2.0,0.0,0.0,0.0,0.0,0.0,0.0,0.0,0.0,0.0,2.0,3.0,0.0,2.0,0.0,0.0,0.0,0.0,0.0,0.0,0.0,0.0,0.0,0.0,2.0,0.0,0.0,0.0,0.0,0.0,2.0,0.0,0.0,5.0,0.0,3.0,3.0,3.0,0.0,0.0,0.0,0.0,0.0,0.0,0.0,2.36
2,3.0,4.0,0.0,2.0,3.0,2.0,0.0,3.0,2.0,2.0,4.0,0.0,0.0,0.0,0.0,0.0,0.0,0.0,0.0,0.0,0.0,4.0,0.0,0.0,3.0,5.0,0.0,0.0,0.0,2.0,0.0,0.0,0.0,0.0,2.0,2.0,3.0,2.0,2.0,0.0,0.0,0.0,0.0,0.0,4.0,2.0,0.0,0.0,0.0,0.0,2.0,0.0,0.0,5.0,4.0,4.0,0.0,2.0,3.0,0.0,3.0,0.0,2.0,3.0,3.0,0.0,0.0,0.0,5.0,0.0,0.0,0.0,0.0,0.0,0.0,0.0,0.0,0.0,0.0,4.0,4.0,2.0,2.0,3.0,2.0,0.0,2.0,0.0,0.0,3.0,0.0,0.0,0.0,0.0,0.0,0.0,0.0,0.0,0.0,0.0,0.0,0.0,0.0,0.0,0.0,2.0,0.0,2.0,4.0,2.0,0.0,0.0,3.0,0.0,0.0,0.0,0.0,2.26
3,5.0,4.0,0.0,4.0,5.0,4.0,4.0,5.0,2.0,5.0,4.0,2.0,2.0,0.0,4.0,5.0,0.0,0.0,0.0,0.0,5.0,5.0,5.0,4.0,4.0,5.0,5.0,0.0,0.0,4.0,0.0,5.0,0.0,0.0,5.0,5.0,4.0,3.0,3.0,4.0,0.0,0.0,0.0,0.0,4.0,5.0,0.0,0.0,0.0,0.0,3.0,0.0,0.0,4.0,3.0,5.0,4.0,3.0,2.0,2.0,0.0,0.0,0.0,0.0,4.0,0.0,0.0,4.0,0.0,0.0,0.0,0.0,0.0,0.0,0.0,0.0,0.0,0.0,0.0,4.0,4.0,3.0,5.0,4.0,5.0,4.0,3.0,0.0,0.0,4.0,0.0,0.0,0.0,0.0,0.0,0.0,0.0,0.0,0.0,0.0,0.0,0.0,0.0,0.0,0.0,5.0,4.0,5.0,5.0,5.0,4.0,5.0,3.0,0.0,0.0,0.0,0.0,3.95
4,0.0,5.0,0.0,2.0,2.0,3.0,3.0,4.0,4.0,3.0,4.0,2.0,2.0,0.0,3.0,0.0,0.0,5.0,0.0,0.0,2.0,3.0,2.0,0.0,2.0,3.0,0.0,4.0,0.0,3.0,0.0,3.0,0.0,0.0,2.0,3.0,0.0,4.0,2.0,0.0,0.0,0.0,0.0,0.0,3.0,2.0,0.0,0.0,0.0,0.0,3.0,0.0,0.0,0.0,2.0,4.0,3.0,0.0,0.0,0.0,0.0,0.0,0.0,0.0,4.0,0.0,0.0,4.0,0.0,0.0,0.0,0.0,0.0,0.0,0.0,0.0,0.0,0.0,0.0,0.0,0.0,0.0,0.0,0.0,0.0,0.0,0.0,0.0,0.0,0.0,0.0,0.0,0.0,0.0,0.0,0.0,0.0,0.0,0.0,0.0,0.0,0.0,0.0,0.0,0.0,0.0,0.0,0.0,0.0,0.0,0.0,0.0,0.0,0.0,0.0,0.0,0.0,2.6
5,4.0,5.0,0.0,5.0,5.0,4.0,4.0,5.0,4.0,5.0,5.0,4.0,5.0,5.0,0.0,5.0,0.0,0.0,0.0,0.0,5.0,5.0,5.0,2.0,4.0,5.0,5.0,0.0,0.0,0.0,5.0,3.0,0.0,0.0,3.0,5.0,5.0,5.0,5.0,4.0,0.0,0.0,0.0,0.0,5.0,5.0,0.0,0.0,0.0,0.0,5.0,0.0,0.0,5.0,5.0,5.0,5.0,5.0,5.0,2.0,0.0,0.0,0.0,0.0,5.0,0.0,0.0,5.0,0.0,0.0,0.0,0.0,0.0,0.0,0.0,0.0,0.0,0.0,0.0,5.0,5.0,5.0,5.0,5.0,4.0,5.0,5.0,0.0,0.0,4.0,0.0,0.0,0.0,0.0,0.0,0.0,0.0,0.0,0.0,0.0,0.0,0.0,0.0,0.0,0.0,5.0,4.0,5.0,5.0,5.0,5.0,5.0,4.0,0.0,0.0,0.0,0.0,4.61
6,3.0,5.0,0.0,4.0,4.0,3.0,2.0,5.0,4.0,4.0,3.0,3.0,4.0,0.0,5.0,0.0,0.0,5.0,0.0,0.0,5.0,3.0,3.0,3.0,2.0,5.0,4.0,0.0,0.0,4.0,0.0,5.0,0.0,0.0,3.0,5.0,2.0,4.0,2.0,4.0,0.0,0.0,0.0,0.0,3.0,5.0,0.0,0.0,0.0,0.0,3.0,0.0,0.0,5.0,3.0,4.0,4.0,3.0,3.0,4.0,0.0,0.0,0.0,0.0,4.0,0.0,0.0,4.0,0.0,0.0,0.0,0.0,0.0,0.0,0.0,0.0,0.0,0.0,0.0,4.0,4.0,3.0,4.0,3.0,3.0,4.0,3.0,0.0,0.0,2.0,0.0,0.0,0.0,0.0,0.0,0.0,0.0,0.0,0.0,0.0,0.0,0.0,0.0,0.0,0.0,5.0,2.0,4.0,4.0,5.0,3.0,3.0,2.0,0.0,0.0,0.0,0.0,3.59
7,4.0,4.0,0.0,4.0,5.0,2.0,3.0,5.0,4.0,4.0,5.0,4.0,5.0,0.0,4.0,0.0,0.0,5.0,0.0,0.0,5.0,4.0,4.0,3.0,4.0,5.0,2.0,0.0,0.0,5.0,0.0,5.0,0.0,0.0,3.0,3.0,2.0,3.0,3.0,3.0,0.0,0.0,0.0,0.0,5.0,4.0,0.0,0.0,0.0,0.0,4.0,0.0,0.0,5.0,4.0,5.0,5.0,4.0,4.0,3.0,0.0,0.0,0.0,0.0,3.0,0.0,0.0,4.0,0.0,0.0,0.0,0.0,0.0,0.0,0.0,0.0,0.0,0.0,0.0,5.0,4.0,5.0,3.0,4.0,3.0,3.0,5.0,0.0,0.0,4.0,0.0,0.0,0.0,0.0,0.0,0.0,0.0,0.0,0.0,0.0,0.0,0.0,0.0,0.0,0.0,5.0,2.0,3.0,4.0,4.0,2.0,2.0,0.0,0.0,0.0,0.0,0.0,3.93
8,2.0,3.0,0.0,0.0,2.0,0.0,0.0,3.0,5.0,4.0,2.0,0.0,3.0,0.0,3.0,0.0,4.0,0.0,0.0,0.0,3.0,3.0,0.0,0.0,2.0,5.0,2.0,0.0,0.0,2.0,0.0,5.0,2.0,0.0,3.0,3.0,4.0,0.0,3.0,2.0,2.0,4.0,0.0,0.0,4.0,3.0,0.0,0.0,0.0,0.0,0.0,0.0,0.0,5.0,4.0,5.0,4.0,4.0,4.0,3.0,0.0,0.0,5.0,0.0,4.0,0.0,0.0,3.0,0.0,0.0,0.0,0.0,0.0,0.0,0.0,0.0,0.0,0.0,0.0,5.0,5.0,3.0,4.0,3.0,3.0,4.0,0.0,0.0,0.0,0.0,0.0,0.0,0.0,0.0,0.0,0.0,3.0,0.0,0.0,0.0,0.0,0.0,0.0,0.0,0.0,5.0,2.0,4.0,5.0,4.0,3.0,4.0,0.0,0.0,0.0,0.0,0.0,3.17
9,3.0,3.0,0.0,2.0,3.0,0.0,0.0,5.0,4.0,5.0,4.0,4.0,3.0,0.0,4.0,0.0,0.0,0.0,0.0,0.0,2.0,5.0,4.0,2.0,3.0,2.0,5.0,0.0,0.0,4.0,0.0,0.0,0.0,0.0,2.0,4.0,0.0,0.0,0.0,3.0,0.0,0.0,0.0,0.0,4.0,2.0,0.0,0.0,0.0,0.0,0.0,0.0,4.0,5.0,3.0,4.0,2.0,5.0,3.0,3.0,0.0,4.0,0.0,0.0,0.0,0.0,0.0,0.0,0.0,0.0,0.0,0.0,0.0,0.0,0.0,0.0,0.0,0.0,0.0,3.0,3.0,0.0,3.0,4.0,0.0,2.0,0.0,0.0,0.0,3.0,0.0,0.0,0.0,0.0,0.0,0.0,0.0,0.0,0.0,0.0,0.0,0.0,0.0,0.0,0.0,0.0,0.0,0.0,2.0,2.0,0.0,0.0,0.0,0.0,0.0,0.0,0.0,2.63
10,3.0,4.0,0.0,0.0,0.0,5.0,3.0,5.0,2.0,3.0,0.0,2.0,0.0,0.0,0.0,0.0,0.0,0.0,0.0,0.0,4.0,3.0,0.0,0.0,3.0,0.0,0.0,0.0,0.0,0.0,0.0,0.0,0.0,0.0,0.0,0.0,0.0,0.0,0.0,0.0,0.0,0.0,0.0,0.0,0.0,0.0,0.0,0.0,0.0,0.0,0.0,0.0,0.0,0.0,0.0,0.0,0.0,0.0,0.0,0.0,0.0,0.0,0.0,0.0,0.0,0.0,0.0,0.0,0.0,0.0,0.0,0.0,0.0,0.0,0.0,0.0,0.0,0.0,0.0,0.0,0.0,0.0,0.0,0.0,0.0,0.0,0.0,0.0,0.0,0.0,0.0,0.0,0.0,0.0,0.0,0.0,0.0,0.0,0.0,0.0,0.0,0.0,0.0,0.0,0.0,0.0,0.0,0.0,0.0,0.0,0.0,0.0,0.0,0.0,0.0,0.0,0.0,2.06
11,2.0,4.0,2.0,2.0,0.0,3.0,4.0,3.0,3.0,2.0,3.0,0.0,0.0,3.0,0.0,3.0,0.0,0.0,0.0,0.0,2.0,3.0,2.0,0.0,0.0,0.0,0.0,0.0,0.0,0.0,4.0,0.0,0.0,2.0,2.0,4.0,2.0,2.0,2.0,3.0,0.0,0.0,0.0,0.0,3.0,3.0,0.0,0.0,0.0,0.0,0.0,0.0,0.0,0.0,4.0,5.0,3.0,4.0,3.0,0.0,0.0,0.0,0.0,3.0,3.0,3.0,3.0,4.0,0.0,0.0,0.0,0.0,0.0,0.0,0.0,0.0,0.0,0.0,0.0,5.0,3.0,2.0,4.0,3.0,0.0,0.0,2.0,0.0,0.0,0.0,0.0,0.0,0.0,0.0,0.0,3.0,3.0,0.0,0.0,0.0,0.0,0.0,0.0,3.0,0.0,3.0,2.0,3.0,2.0,4.0,0.0,0.0,0.0,0.0,0.0,0.0,0.0,2.63
12,3.0,3.0,2.0,3.0,3.0,2.0,3.0,3.0,2.0,2.0,3.0,5.0,2.0,0.0,2.0,0.0,0.0,5.0,5.0,4.0,3.0,4.0,3.0,2.0,3.0,4.0,3.0,0.0,0.0,4.0,0.0,0.0,0.0,0.0,2.0,4.0,3.0,3.0,3.0,3.0,0.0,0.0,0.0,0.0,4.0,3.0,0.0,0.0,0.0,0.0,2.0,0.0,0.0,5.0,0.0,0.0,4.0,4.0,4.0,3.0,0.0,3.0,0.0,0.0,3.0,0.0,0.0,3.0,0.0,0.0,0.0,0.0,0.0,0.0,0.0,0.0,0.0,0.0,0.0,3.0,5.0,4.0,4.0,5.0,2.0,3.0,2.0,0.0,0.0,5.0,0.0,0.0,0.0,0.0,0.0,0.0,0.0,0.0,0.0,0.0,0.0,0.0,0.0,0.0,0.0,5.0,2.0,4.0,4.0,4.0,2.0,2.0,0.0,0.0,0.0,0.0,0.0,3.22
13,5.0,3.0,3.0,3.0,3.0,3.0,4.0,5.0,5.0,4.0,4.0,5.0,2.0,5.0,0.0,0.0,4.0,0.0,4.0,5.0,4.0,4.0,4.0,3.0,3.0,4.0,4.0,0.0,0.0,0.0,5.0,0.0,0.0,0.0,2.0,5.0,4.0,3.0,2.0,3.0,0.0,0.0,0.0,0.0,5.0,4.0,0.0,0.0,0.0,0.0,4.0,0.0,0.0,5.0,0.0,0.0,4.0,4.0,4.0,3.0,0.0,5.0,0.0,0.0,3.0,0.0,0.0,5.0,0.0,0.0,0.0,0.0,0.0,0.0,0.0,0.0,0.0,0.0,0.0,4.0,5.0,4.0,3.0,3.0,3.0,3.0,3.0,0.0,0.0,4.0,0.0,0.0,0.0,0.0,0.0,0.0,0.0,0.0,0.0,0.0,0.0,0.0,0.0,0.0,0.0,5.0,4.0,4.0,5.0,5.0,3.0,5.0,0.0,0.0,0.0,0.0,0.0,3.74
14,3.0,3.0,2.0,3.0,3.0,2.0,3.0,5.0,4.0,2.0,4.0,5.0,2.0,0.0,3.0,0.0,5.0,0.0,2.0,4.0,5.0,4.0,0.0,2.0,3.0,4.0,2.0,0.0,0.0,4.0,0.0,0.0,0.0,0.0,3.0,4.0,4.0,3.0,2.0,3.0,0.0,0.0,0.0,0.0,2.0,3.0,0.0,0.0,0.0,0.0,3.0,0.0,0.0,5.0,0.0,0.0,5.0,4.0,4.0,3.0,0.0,5.0,3.0,0.0,5.0,0.0,0.0,4.0,0.0,0.0,0.0,0.0,0.0,0.0,0.0,0.0,0.0,0.0,0.0,3.0,4.0,3.0,5.0,5.0,3.0,4.0,2.0,0.0,0.0,4.0,0.0,0.0,0.0,0.0,0.0,0.0,0.0,0.0,0.0,0.0,0.0,0.0,0.0,0.0,0.0,5.0,3.0,4.0,5.0,4.0,3.0,4.0,0.0,0.0,0.0,0.0,0.0,3.33
15,4.0,3.0,2.0,3.0,3.0,2.0,2.0,3.0,2.0,2.0,4.0,5.0,3.0,0.0,4.0,0.0,4.0,0.0,3.0,3.0,3.0,3.0,2.0,2.0,2.0,4.0,3.0,0.0,0.0,4.0,0.0,0.0,0.0,0.0,2.0,3.0,2.0,3.0,2.0,3.0,0.0,0.0,0.0,0.0,2.0,2.0,0.0,0.0,0.0,0.0,2.0,0.0,0.0,5.0,0.0,0.0,3.0,0.0,4.0,3.0,0.0,4.0,0.0,0.0,4.0,0.0,0.0,3.0,0.0,0.0,0.0,0.0,0.0,0.0,0.0,0.0,0.0,0.0,0.0,4.0,3.0,3.0,4.0,4.0,3.0,2.0,2.0,0.0,0.0,4.0,0.0,0.0,0.0,0.0,0.0,0.0,0.0,0.0,0.0,0.0,0.0,3.0,0.0,0.0,0.0,4.0,3.0,4.0,4.0,3.0,2.0,4.0,0.0,0.0,0.0,0.0,0.0,2.88
16,4.0,3.0,2.0,3.0,3.0,3.0,2.0,2.0,5.0,2.0,3.0,3.0,0.0,0.0,2.0,0.0,2.0,0.0,3.0,2.0,2.0,3.0,2.0,3.0,3.0,4.0,3.0,0.0,0.0,4.0,0.0,0.0,0.0,0.0,2.0,2.0,0.0,2.0,2.0,4.0,0.0,0.0,0.0,0.0,3.0,3.0,0.0,0.0,0.0,0.0,2.0,0.0,0.0,0.0,0.0,0.0,0.0,0.0,0.0,0.0,0.0,0.0,0.0,0.0,0.0,0.0,0.0,0.0,0.0,0.0,0.0,0.0,0.0,0.0,0.0,0.0,0.0,0.0,0.0,0.0,0.0,0.0,0.0,0.0,0.0,0.0,0.0,0.0,0.0,0.0,0.0,0.0,0.0,0.0,0.0,0.0,0.0,0.0,0.0,0.0,0.0,0.0,0.0,0.0,0.0,0.0,0.0,0.0,0.0,0.0,0.0,0.0,0.0,0.0,0.0,0.0,0.0,2.57
17,4.0,3.0,2.0,2.0,0.0,0.0,0.0,3.0,4.0,2.0,2.0,0.0,2.0,0.0,2.0,2.0,0.0,0.0,0.0,2.0,2.0,3.0,3.0,0.0,3.0,3.0,2.0,0.0,0.0,4.0,0.0,0.0,0.0,0.0,2.0,0.0,2.0,0.0,2.0,3.0,0.0,2.0,0.0,0.0,2.0,0.0,0.0,0.0,4.0,0.0,2.0,0.0,0.0,0.0,0.0,0.0,3.0,4.0,0.0,2.0,0.0,3.0,0.0,3.0,4.0,0.0,0.0,3.0,0.0,0.0,0.0,0.0,0.0,0.0,0.0,0.0,0.0,0.0,0.0,4.0,4.0,0.0,2.0,3.0,2.0,2.0,2.0,0.0,0.0,3.0,0.0,0.0,0.0,0.0,0.0,0.0,0.0,0.0,0.0,0.0,0.0,0.0,0.0,0.0,0.0,4.0,0.0,0.0,5.0,3.0,0.0,0.0,0.0,0.0,0.0,0.0,0.0,2.05
18,4.0,3.0,2.0,3.0,5.0,2.0,4.0,5.0,2.0,4.0,3.0,4.0,5.0,0.0,3.0,0.0,0.0,5.0,3.0,3.0,3.0,4.0,4.0,2.0,3.0,4.0,2.0,0.0,0.0,5.0,0.0,0.0,0.0,0.0,2.0,3.0,4.0,3.0,3.0,3.0,0.0,0.0,0.0,0.0,3.0,3.0,0.0,0.0,0.0,0.0,0.0,0.0,0.0,5.0,0.0,0.0,4.0,4.0,4.0,2.0,0.0,3.0,0.0,0.0,5.0,0.0,0.0,4.0,0.0,0.0,0.0,0.0,0.0,0.0,0.0,0.0,0.0,0.0,0.0,4.0,4.0,3.0,4.0,5.0,2.0,3.0,2.0,0.0,0.0,4.0,0.0,0.0,0.0,0.0,0.0,0.0,3.0,0.0,0.0,0.0,0.0,0.0,0.0,0.0,0.0,3.0,3.0,0.0,4.0,4.0,2.0,2.0,0.0,0.0,0.0,0.0,0.0,3.3
19,4.0,3.0,3.0,4.0,4.0,4.0,4.0,4.0,4.0,4.0,5.0,5.0,5.0,0.0,5.0,4.0,0.0,0.0,4.0,5.0,4.0,4.0,4.0,4.0,4.0,4.0,5.0,0.0,0.0,0.0,0.0,0.0,0.0,0.0,0.0,0.0,0.0,0.0,0.0,0.0,0.0,0.0,0.0,0.0,0.0,0.0,0.0,0.0,0.0,0.0,0.0,0.0,0.0,0.0,0.0,0.0,0.0,0.0,0.0,0.0,0.0,0.0,0.0,0.0,0.0,0.0,0.0,0.0,0.0,0.0,0.0,0.0,0.0,0.0,0.0,0.0,0.0,0.0,0.0,0.0,0.0,0.0,0.0,0.0,0.0,0.0,0.0,0.0,0.0,0.0,0.0,0.0,0.0,0.0,0.0,0.0,0.0,0.0,0.0,0.0,0.0,0.0,0.0,0.0,0.0,0.0,0.0,0.0,0.0,0.0,0.0,0.0,0.0,0.0,0.0,0.0,0.0,4.15
20,3.0,3.0,0.0,4.0,3.0,4.0,4.0,5.0,2.0,4.0,4.0,0.0,5.0,4.0,0.0,0.0,0.0,5.0,5.0,5.0,3.0,3.0,5.0,4.0,2.0,3.0,4.0,0.0,0.0,0.0,5.0,0.0,0.0,0.0,2.0,5.0,4.0,2.0,3.0,3.0,0.0,0.0,0.0,0.0,5.0,3.0,0.0,0.0,0.0,0.0,4.0,0.0,0.0,4.0,0.0,0.0,3.0,5.0,4.0,3.0,0.0,4.0,0.0,0.0,5.0,0.0,0.0,4.0,0.0,0.0,0.0,0.0,0.0,0.0,0.0,0.0,0.0,0.0,0.0,4.0,5.0,5.0,5.0,5.0,2.0,5.0,5.0,0.0,0.0,3.0,0.0,0.0,0.0,0.0,0.0,0.0,0.0,0.0,0.0,0.0,0.0,0.0,0.0,0.0,0.0,5.0,3.0,5.0,5.0,5.0,0.0,4.0,0.0,0.0,0.0,0.0,0.0,3.81
21,3.0,2.0,2.0,3.0,3.0,2.0,3.0,4.0,4.0,4.0,5.0,5.0,5.0,5.0,0.0,0.0,5.0,0.0,5.0,5.0,4.0,4.0,5.0,4.0,3.0,4.0,5.0,0.0,0.0,0.0,5.0,0.0,0.0,0.0,5.0,5.0,5.0,4.0,3.0,5.0,0.0,0.0,0.0,0.0,3.0,5.0,0.0,0.0,0.0,0.0,4.0,0.0,0.0,5.0,0.0,0.0,5.0,5.0,4.0,3.0,0.0,4.0,0.0,0.0,5.0,0.0,0.0,5.0,0.0,0.0,0.0,0.0,0.0,0.0,0.0,0.0,0.0,0.0,0.0,4.0,5.0,5.0,5.0,4.0,3.0,5.0,5.0,0.0,0.0,4.0,0.0,0.0,0.0,0.0,0.0,0.0,0.0,0.0,0.0,0.0,0.0,0.0,0.0,0.0,0.0,5.0,4.0,5.0,5.0,5.0,3.0,5.0,0.0,0.0,0.0,0.0,0.0,4.21
22,2.0,3.0,2.0,3.0,2.0,3.0,2.0,0.0,0.0,2.0,4.0,5.0,3.0,4.0,0.0,0.0,0.0,5.0,3.0,5.0,2.0,3.0,3.0,2.0,2.0,4.0,2.0,0.0,0.0,0.0,5.0,0.0,0.0,0.0,2.0,4.0,0.0,2.0,3.0,5.0,0.0,0.0,2.0,0.0,2.0,0.0,0.0,0.0,0.0,0.0,2.0,0.0,0.0,5.0,0.0,0.0,4.0,5.0,4.0,3.0,0.0,5.0,0.0,0.0,5.0,0.0,0.0,3.0,0.0,0.0,0.0,0.0,0.0,0.0,0.0,2.0,0.0,0.0,0.0,4.0,0.0,3.0,5.0,3.0,3.0,0.0,4.0,0.0,0.0,0.0,0.0,0.0,3.0,0.0,0.0,0.0,0.0,0.0,0.0,0.0,0.0,0.0,0.0,0.0,0.0,3.0,3.0,5.0,5.0,4.0,3.0,2.0,0.0,0.0,0.0,0.0,0.0,2.89
23,3.0,2.0,0.0,2.0,3.0,0.0,2.0,3.0,0.0,2.0,4.0,4.0,0.0,0.0,3.0,4.0,0.0,0.0,2.0,5.0,5.0,3.0,3.0,2.0,2.0,5.0,3.0,0.0,0.0,0.0,0.0,3.0,0.0,0.0,0.0,4.0,3.0,2.0,2.0,3.0,2.0,0.0,0.0,2.0,0.0,0.0,0.0,0.0,0.0,4.0,0.0,0.0,0.0,5.0,0.0,0.0,4.0,4.0,4.0,3.0,0.0,4.0,0.0,0.0,5.0,0.0,0.0,4.0,0.0,0.0,0.0,0.0,0.0,2.0,0.0,0.0,0.0,0.0,0.0,3.0,4.0,0.0,4.0,4.0,3.0,3.0,0.0,0.0,0.0,0.0,0.0,4.0,4.0,0.0,0.0,0.0,3.0,0.0,0.0,0.0,0.0,0.0,0.0,0.0,0.0,4.0,3.0,4.0,4.0,4.0,0.0,2.0,0.0,0.0,0.0,0.0,0.0,2.9
24,2.0,3.0,2.0,3.0,3.0,3.0,2.0,2.0,5.0,3.0,4.0,5.0,2.0,3.0,0.0,0.0,4.0,0.0,2.0,4.0,4.0,4.0,3.0,2.0,3.0,2.0,3.0,0.0,0.0,0.0,5.0,0.0,0.0,0.0,2.0,4.0,3.0,0.0,2.0,3.0,0.0,0.0,0.0,0.0,3.0,2.0,0.0,0.0,0.0,0.0,2.0,0.0,0.0,5.0,0.0,0.0,4.0,5.0,4.0,4.0,0.0,5.0,0.0,0.0,5.0,0.0,0.0,4.0,0.0,0.0,0.0,0.0,0.0,0.0,0.0,0.0,0.0,0.0,0.0,4.0,5.0,2.0,3.0,2.0,2.0,2.0,2.0,0.0,0.0,4.0,0.0,0.0,0.0,0.0,0.0,0.0,0.0,0.0,0.0,0.0,0.0,0.0,0.0,0.0,0.0,5.0,2.0,3.0,3.0,3.0,2.0,2.0,0.0,0.0,0.0,0.0,0.0,3.02
25,3.0,4.0,2.0,4.0,4.0,3.0,4.0,3.0,3.0,3.0,4.0,5.0,5.0,5.0,0.0,4.0,0.0,0.0,4.0,5.0,5.0,4.0,4.0,4.0,2.0,5.0,3.0,0.0,0.0,0.0,5.0,0.0,0.0,0.0,3.0,5.0,3.0,2.0,3.0,5.0,0.0,0.0,0.0,0.0,5.0,3.0,0.0,0.0,0.0,0.0,4.0,0.0,0.0,5.0,0.0,0.0,4.0,5.0,3.0,3.0,0.0,5.0,0.0,0.0,4.0,0.0,0.0,4.0,0.0,0.0,0.0,0.0,0.0,0.0,0.0,0.0,0.0,0.0,0.0,3.0,5.0,5.0,5.0,3.0,4.0,4.0,5.0,0.0,0.0,4.0,0.0,0.0,0.0,0.0,0.0,0.0,0.0,0.0,0.0,0.0,0.0,0.0,0.0,0.0,0.0,5.0,5.0,5.0,5.0,5.0,3.0,3.0,0.0,0.0,0.0,0.0,0.0,3.87
26,3.0,3.0,2.0,3.0,2.0,2.0,2.0,3.0,5.0,2.0,3.0,2.0,2.0,0.0,3.0,0.0,0.0,5.0,2.0,2.0,3.0,4.0,3.0,0.0,3.0,4.0,3.0,0.0,0.0,4.0,0.0,0.0,0.0,0.0,2.0,2.0,0.0,0.0,3.0,4.0,0.0,0.0,0.0,0.0,0.0,0.0,0.0,0.0,0.0,0.0,3.0,0.0,0.0,3.0,0.0,0.0,2.0,3.0,2.0,3.0,0.0,0.0,0.0,3.0,4.0,0.0,0.0,3.0,0.0,0.0,0.0,0.0,0.0,0.0,0.0,0.0,2.0,0.0,0.0,3.0,4.0,0.0,0.0,3.0,3.0,0.0,3.0,0.0,0.0,0.0,0.0,2.0,2.0,0.0,0.0,0.0,0.0,0.0,0.0,0.0,0.0,0.0,0.0,0.0,0.0,3.0,2.0,2.0,4.0,3.0,2.0,0.0,0.0,0.0,0.0,0.0,0.0,2.29
27,4.0,5.0,3.0,5.0,5.0,4.0,5.0,5.0,5.0,5.0,5.0,5.0,5.0,0.0,5.0,0.0,0.0,5.0,5.0,5.0,4.0,4.0,5.0,5.0,4.0,4.0,5.0,0.0,0.0,0.0,0.0,0.0,0.0,0.0,0.0,0.0,0.0,0.0,0.0,0.0,0.0,0.0,0.0,0.0,0.0,0.0,0.0,0.0,0.0,0.0,0.0,0.0,0.0,0.0,0.0,0.0,0.0,0.0,0.0,0.0,0.0,0.0,0.0,0.0,0.0,0.0,0.0,0.0,0.0,0.0,0.0,0.0,0.0,0.0,0.0,0.0,0.0,0.0,0.0,0.0,0.0,0.0,0.0,0.0,0.0,0.0,0.0,0.0,0.0,0.0,0.0,0.0,0.0,0.0,0.0,0.0,0.0,0.0,0.0,0.0,0.0,0.0,0.0,0.0,0.0,0.0,0.0,0.0,0.0,0.0,0.0,0.0,0.0,0.0,0.0,0.0,0.0,4.67
28,2.0,2.0,2.0,2.0,2.0,0.0,0.0,2.0,0.0,0.0,3.0,0.0,0.0,0.0,2.0,0.0,0.0,4.0,3.0,2.0,2.0,2.0,0.0,2.0,3.0,0.0,2.0,0.0,0.0,0.0,0.0,0.0,0.0,0.0,2.0,0.0,0.0,0.0,0.0,0.0,0.0,0.0,0.0,2.0,2.0,2.0,2.0,0.0,0.0,2.0,0.0,0.0,0.0,3.0,0.0,0.0,2.0,2.0,2.0,3.0,0.0,2.0,0.0,0.0,2.0,0.0,0.0,2.0,0.0,0.0,0.0,0.0,0.0,0.0,0.0,0.0,0.0,0.0,0.0,3.0,3.0,0.0,0.0,3.0,0.0,2.0,0.0,0.0,0.0,4.0,0.0,0.0,0.0,0.0,0.0,0.0,0.0,0.0,0.0,0.0,0.0,0.0,0.0,0.0,0.0,4.0,0.0,0.0,3.0,3.0,0.0,0.0,0.0,0.0,0.0,3.0,0.0,1.65
29,3.0,3.0,3.0,3.0,3.0,3.0,3.0,3.0,3.0,3.0,4.0,5.0,2.0,0.0,3.0,0.0,5.0,0.0,3.0,5.0,4.0,3.0,4.0,3.0,2.0,4.0,2.0,0.0,0.0,4.0,0.0,0.0,0.0,0.0,3.0,3.0,4.0,2.0,2.0,4.0,0.0,0.0,0.0,0.0,3.0,3.0,0.0,0.0,0.0,0.0,2.0,0.0,0.0,5.0,0.0,0.0,5.0,4.0,4.0,4.0,0.0,5.0,0.0,0.0,5.0,0.0,0.0,5.0,0.0,0.0,0.0,0.0,0.0,0.0,0.0,0.0,0.0,0.0,0.0,5.0,3.0,4.0,5.0,5.0,5.0,5.0,5.0,0.0,0.0,3.0,0.0,0.0,0.0,0.0,0.0,0.0,0.0,0.0,0.0,0.0,0.0,0.0,0.0,0.0,0.0,5.0,3.0,5.0,5.0,5.0,5.0,4.0,0.0,0.0,0.0,0.0,0.0,3.64
30,3.0,3.0,2.0,3.0,4.0,2.0,0.0,0.0,4.0,2.0,4.0,5.0,4.0,4.0,0.0,0.0,0.0,5.0,3.0,5.0,2.0,3.0,3.0,2.0,0.0,4.0,3.0,0.0,0.0,0.0,4.0,0.0,0.0,0.0,3.0,4.0,3.0,3.0,3.0,3.0,0.0,0.0,2.0,0.0,2.0,0.0,0.0,0.0,0.0,0.0,2.0,0.0,0.0,5.0,0.0,0.0,5.0,4.0,4.0,3.0,0.0,5.0,0.0,0.0,4.0,5.0,0.0,4.0,0.0,0.0,0.0,0.0,0.0,0.0,0.0,0.0,0.0,0.0,0.0,4.0,5.0,3.0,5.0,4.0,2.0,3.0,3.0,0.0,0.0,3.0,0.0,0.0,2.0,0.0,0.0,0.0,0.0,0.0,0.0,0.0,0.0,0.0,0.0,0.0,0.0,4.0,2.0,2.0,4.0,4.0,2.0,0.0,0.0,0.0,0.0,0.0,0.0,3.22
31,4.0,3.0,2.0,3.0,2.0,2.0,2.0,3.0,3.0,2.0,4.0,4.0,2.0,0.0,2.0,3.0,0.0,0.0,3.0,5.0,3.0,3.0,2.0,2.0,3.0,5.0,2.0,0.0,0.0,4.0,0.0,0.0,0.0,0.0,2.0,5.0,3.0,0.0,0.0,3.0,0.0,0.0,0.0,0.0,4.0,2.0,0.0,0.0,0.0,0.0,2.0,0.0,0.0,5.0,0.0,0.0,2.0,3.0,3.0,3.0,0.0,3.0,0.0,0.0,3.0,0.0,0.0,4.0,0.0,0.0,0.0,0.0,0.0,0.0,0.0,0.0,0.0,3.0,0.0,4.0,4.0,2.0,0.0,3.0,2.0,3.0,4.0,0.0,0.0,0.0,0.0,0.0,0.0,0.0,0.0,0.0,0.0,0.0,0.0,0.0,0.0,0.0,0.0,0.0,0.0,0.0,0.0,0.0,0.0,0.0,0.0,0.0,0.0,0.0,0.0,0.0,0.0,2.76
32,3.0,3.0,2.0,3.0,2.0,3.0,2.0,3.0,2.0,2.0,4.0,3.0,2.0,0.0,4.0,0.0,0.0,5.0,5.0,5.0,5.0,3.0,4.0,2.0,3.0,4.0,3.0,0.0,0.0,4.0,0.0,0.0,0.0,0.0,3.0,5.0,3.0,3.0,3.0,4.0,0.0,0.0,0.0,0.0,3.0,3.0,0.0,0.0,0.0,0.0,3.0,0.0,0.0,4.0,0.0,0.0,4.0,4.0,4.0,3.0,0.0,5.0,0.0,0.0,4.0,0.0,0.0,5.0,0.0,0.0,0.0,0.0,0.0,0.0,0.0,0.0,0.0,0.0,0.0,5.0,5.0,5.0,5.0,4.0,3.0,4.0,5.0,0.0,0.0,4.0,0.0,0.0,0.0,0.0,0.0,0.0,0.0,0.0,0.0,0.0,0.0,0.0,0.0,0.0,0.0,5.0,4.0,4.0,5.0,4.0,3.0,4.0,0.0,0.0,0.0,0.0,0.0,3.6
33,3.0,0.0,0.0,2.0,4.0,3.0,4.0,4.0,5.0,2.0,3.0,5.0,0.0,0.0,3.0,0.0,0.0,5.0,3.0,3.0,3.0,4.0,4.0,3.0,3.0,4.0,2.0,0.0,0.0,4.0,0.0,3.0,0.0,0.0,2.0,0.0,2.0,3.0,2.0,4.0,0.0,0.0,0.0,0.0,3.0,2.0,0.0,0.0,0.0,2.0,2.0,0.0,0.0,5.0,0.0,0.0,3.0,4.0,3.0,3.0,0.0,5.0,0.0,0.0,5.0,0.0,0.0,4.0,0.0,0.0,0.0,0.0,0.0,0.0,4.0,0.0,0.0,0.0,0.0,4.0,5.0,3.0,4.0,3.0,3.0,5.0,3.0,0.0,0.0,4.0,0.0,0.0,0.0,0.0,0.0,0.0,0.0,0.0,0.0,0.0,0.0,0.0,0.0,0.0,0.0,5.0,2.0,4.0,4.0,4.0,2.0,4.0,0.0,0.0,0.0,0.0,0.0,3.16
34,3.0,3.0,2.0,3.0,4.0,3.0,0.0,3.0,2.0,3.0,4.0,3.0,2.0,0.0,3.0,0.0,4.0,0.0,4.0,5.0,3.0,3.0,4.0,3.0,3.0,4.0,4.0,0.0,0.0,0.0,0.0,0.0,0.0,0.0,0.0,0.0,0.0,0.0,0.0,0.0,0.0,0.0,0.0,0.0,0.0,0.0,0.0,0.0,0.0,0.0,0.0,0.0,0.0,0.0,0.0,0.0,0.0,0.0,0.0,0.0,0.0,0.0,0.0,0.0,0.0,0.0,0.0,0.0,0.0,0.0,0.0,0.0,0.0,2.0,2.0,2.0,0.0,0.0,0.0,0.0,0.0,0.0,0.0,0.0,0.0,0.0,0.0,0.0,0.0,0.0,0.0,0.0,3.0,0.0,0.0,0.0,0.0,0.0,0.0,4.0,3.0,3.0,2.0,0.0,0.0,0.0,0.0,0.0,0.0,0.0,0.0,0.0,3.0,2.0,0.0,0.0,2.0,2.63
35,3.0,2.0,0.0,3.0,2.0,0.0,4.0,3.0,2.0,2.0,4.0,0.0,2.0,0.0,3.0,5.0,0.0,0.0,2.0,0.0,3.0,3.0,0.0,2.0,2.0,0.0,0.0,0.0,0.0,0.0,0.0,2.0,0.0,0.0,2.0,3.0,0.0,2.0,0.0,3.0,0.0,0.0,0.0,0.0,2.0,2.0,0.0,0.0,0.0,0.0,0.0,0.0,0.0,5.0,0.0,5.0,2.0,4.0,2.0,2.0,0.0,4.0,3.0,0.0,4.0,0.0,0.0,0.0,3.0,0.0,0.0,4.0,0.0,0.0,0.0,0.0,0.0,2.0,0.0,0.0,0.0,0.0,4.0,3.0,0.0,0.0,0.0,0.0,0.0,3.0,0.0,0.0,0.0,0.0,3.0,0.0,4.0,0.0,0.0,0.0,0.0,0.0,0.0,0.0,0.0,2.0,2.0,2.0,4.0,0.0,0.0,2.0,0.0,0.0,0.0,5.0,2.0,2.17
36,3.0,4.0,4.0,3.0,5.0,3.0,5.0,5.0,3.0,5.0,5.0,5.0,5.0,0.0,4.0,0.0,0.0,5.0,5.0,5.0,4.0,4.0,5.0,5.0,4.0,5.0,4.0,0.0,0.0,5.0,0.0,0.0,0.0,0.0,3.0,5.0,5.0,4.0,2.0,5.0,0.0,0.0,0.0,0.0,5.0,5.0,0.0,0.0,0.0,0.0,5.0,0.0,0.0,5.0,0.0,0.0,5.0,4.0,4.0,3.0,0.0,5.0,0.0,0.0,3.0,0.0,0.0,5.0,0.0,0.0,0.0,0.0,0.0,0.0,0.0,0.0,0.0,0.0,0.0,4.0,5.0,5.0,5.0,5.0,5.0,5.0,4.0,0.0,0.0,4.0,0.0,0.0,0.0,0.0,0.0,0.0,0.0,0.0,0.0,0.0,0.0,0.0,0.0,0.0,0.0,5.0,5.0,5.0,5.0,5.0,4.0,5.0,0.0,0.0,0.0,0.0,0.0,4.41
37,4.0,4.0,2.0,2.0,3.0,3.0,5.0,5.0,3.0,2.0,3.0,4.0,2.0,4.0,0.0,0.0,5.0,0.0,4.0,5.0,5.0,3.0,4.0,4.0,5.0,4.0,5.0,0.0,0.0,0.0,4.0,0.0,0.0,0.0,4.0,5.0,5.0,4.0,4.0,4.0,0.0,0.0,0.0,0.0,4.0,4.0,0.0,0.0,0.0,0.0,4.0,0.0,0.0,5.0,0.0,0.0,5.0,4.0,5.0,5.0,0.0,4.0,0.0,0.0,5.0,0.0,0.0,5.0,0.0,0.0,0.0,0.0,0.0,0.0,0.0,0.0,0.0,0.0,0.0,5.0,4.0,4.0,4.0,4.0,4.0,5.0,4.0,0.0,0.0,4.0,0.0,0.0,0.0,0.0,0.0,0.0,0.0,0.0,0.0,0.0,0.0,0.0,0.0,0.0,0.0,4.0,3.0,3.0,5.0,4.0,3.0,4.0,0.0,0.0,0.0,0.0,0.0,4.07
38,2.0,2.0,2.0,4.0,3.0,0.0,2.0,2.0,4.0,2.0,3.0,2.0,0.0,0.0,4.0,0.0,0.0,5.0,3.0,3.0,3.0,3.0,3.0,2.0,3.0,4.0,3.0,0.0,0.0,0.0,0.0,0.0,0.0,0.0,2.0,3.0,2.0,2.0,2.0,3.0,2.0,0.0,0.0,0.0,2.0,0.0,0.0,0.0,0.0,4.0,4.0,0.0,0.0,5.0,0.0,0.0,4.0,5.0,4.0,3.0,0.0,3.0,0.0,0.0,5.0,0.0,0.0,4.0,0.0,0.0,0.0,0.0,0.0,0.0,0.0,0.0,0.0,0.0,0.0,4.0,4.0,2.0,5.0,3.0,2.0,3.0,2.0,0.0,0.0,3.0,0.0,0.0,2.0,0.0,0.0,0.0,0.0,0.0,0.0,0.0,0.0,0.0,0.0,0.0,0.0,5.0,2.0,3.0,4.0,3.0,2.0,4.0,0.0,0.0,0.0,0.0,0.0,2.95
39,3.0,4.0,2.0,3.0,3.0,3.0,2.0,4.0,5.0,2.0,4.0,4.0,2.0,0.0,0.0,0.0,3.0,0.0,2.0,5.0,4.0,4.0,3.0,3.0,2.0,4.0,2.0,0.0,0.0,2.0,0.0,0.0,0.0,0.0,2.0,2.0,0.0,3.0,3.0,3.0,0.0,0.0,0.0,0.0,2.0,2.0,0.0,0.0,0.0,0.0,3.0,5.0,0.0,5.0,0.0,0.0,3.0,4.0,5.0,3.0,0.0,4.0,0.0,0.0,3.0,0.0,0.0,4.0,0.0,0.0,0.0,0.0,0.0,0.0,0.0,0.0,0.0,0.0,0.0,0.0,0.0,0.0,0.0,0.0,0.0,0.0,0.0,0.0,0.0,0.0,0.0,0.0,0.0,0.0,0.0,0.0,0.0,0.0,0.0,0.0,0.0,0.0,0.0,0.0,0.0,0.0,0.0,0.0,0.0,0.0,0.0,0.0,0.0,0.0,0.0,0.0,0.0,2.98
40,2.0,3.0,2.0,4.0,5.0,2.0,3.0,5.0,0.0,0.0,3.0,4.0,2.0,0.0,4.0,3.0,0.0,0.0,3.0,5.0,3.0,3.0,3.0,3.0,2.0,3.0,0.0,0.0,0.0,0.0,0.0,0.0,0.0,0.0,0.0,0.0,0.0,0.0,0.0,0.0,0.0,0.0,0.0,0.0,0.0,0.0,0.0,0.0,0.0,0.0,0.0,0.0,0.0,0.0,0.0,0.0,0.0,0.0,0.0,0.0,0.0,0.0,0.0,0.0,0.0,0.0,0.0,0.0,0.0,0.0,0.0,0.0,0.0,0.0,0.0,0.0,0.0,0.0,0.0,0.0,0.0,0.0,0.0,0.0,0.0,0.0,0.0,0.0,0.0,0.0,0.0,0.0,0.0,0.0,0.0,0.0,0.0,0.0,0.0,0.0,0.0,0.0,0.0,0.0,0.0,0.0,0.0,0.0,0.0,0.0,0.0,0.0,0.0,0.0,0.0,0.0,0.0,2.77
41,2.0,2.0,2.0,3.0,2.0,2.0,4.0,2.0,5.0,0.0,4.0,0.0,2.0,0.0,4.0,0.0,0.0,5.0,3.0,4.0,3.0,3.0,4.0,3.0,3.0,2.0,3.0,0.0,0.0,5.0,0.0,0.0,0.0,0.0,3.0,4.0,0.0,2.0,0.0,3.0,0.0,0.0,0.0,0.0,4.0,3.0,4.0,0.0,3.0,0.0,2.0,0.0,0.0,5.0,0.0,0.0,3.0,5.0,4.0,3.0,0.0,4.0,0.0,0.0,5.0,0.0,0.0,5.0,0.0,0.0,0.0,0.0,0.0,0.0,0.0,2.0,0.0,3.0,0.0,4.0,4.0,2.0,4.0,2.0,2.0,2.0,2.0,0.0,0.0,3.0,0.0,0.0,0.0,0.0,0.0,0.0,0.0,0.0,0.0,0.0,0.0,0.0,0.0,0.0,0.0,4.0,2.0,4.0,4.0,3.0,2.0,4.0,0.0,0.0,0.0,0.0,0.0,2.99
42,3.0,4.0,2.0,3.0,2.0,2.0,0.0,4.0,3.0,3.0,4.0,2.0,4.0,0.0,4.0,0.0,0.0,5.0,2.0,5.0,3.0,4.0,3.0,3.0,3.0,2.0,3.0,0.0,0.0,5.0,0.0,0.0,0.0,0.0,3.0,4.0,3.0,3.0,2.0,3.0,0.0,0.0,0.0,0.0,4.0,2.0,0.0,0.0,0.0,0.0,3.0,0.0,0.0,5.0,0.0,0.0,3.0,0.0,3.0,2.0,0.0,4.0,0.0,0.0,4.0,0.0,0.0,0.0,0.0,0.0,0.0,0.0,0.0,0.0,0.0,0.0,0.0,0.0,0.0,3.0,3.0,2.0,3.0,3.0,2.0,2.0,3.0,0.0,0.0,3.0,0.0,0.0,0.0,0.0,0.0,0.0,0.0,0.0,0.0,0.0,0.0,3.0,0.0,0.0,0.0,4.0,0.0,4.0,3.0,3.0,2.0,2.0,0.0,0.0,0.0,0.0,3.0,2.91
43,3.0,3.0,0.0,2.0,4.0,2.0,2.0,0.0,3.0,3.0,5.0,0.0,2.0,0.0,0.0,0.0,0.0,5.0,3.0,2.0,2.0,2.0,3.0,3.0,3.0,3.0,3.0,0.0,0.0,3.0,0.0,2.0,0.0,0.0,3.0,0.0,3.0,3.0,3.0,3.0,0.0,0.0,2.0,0.0,3.0,3.0,0.0,0.0,0.0,0.0,3.0,4.0,0.0,5.0,0.0,0.0,3.0,4.0,4.0,3.0,0.0,3.0,0.0,0.0,5.0,0.0,0.0,3.0,0.0,0.0,0.0,0.0,0.0,0.0,2.0,0.0,0.0,0.0,0.0,4.0,4.0,2.0,3.0,3.0,3.0,4.0,5.0,0.0,0.0,4.0,0.0,0.0,0.0,0.0,0.0,0.0,0.0,0.0,0.0,0.0,0.0,0.0,0.0,0.0,0.0,5.0,2.0,3.0,4.0,3.0,2.0,3.0,0.0,0.0,0.0,0.0,0.0,2.94
44,3.0,4.0,2.0,4.0,5.0,4.0,2.0,5.0,4.0,3.0,5.0,5.0,3.0,0.0,4.0,0.0,0.0,5.0,5.0,4.0,3.0,4.0,4.0,3.0,2.0,5.0,5.0,0.0,0.0,4.0,0.0,0.0,0.0,0.0,3.0,5.0,5.0,4.0,3.0,4.0,0.0,0.0,0.0,0.0,3.0,5.0,0.0,0.0,0.0,0.0,5.0,0.0,0.0,4.0,0.0,0.0,4.0,4.0,3.0,0.0,0.0,2.0,0.0,0.0,3.0,0.0,0.0,3.0,0.0,0.0,0.0,0.0,0.0,0.0,0.0,0.0,0.0,0.0,0.0,0.0,0.0,0.0,0.0,0.0,0.0,0.0,0.0,0.0,0.0,0.0,0.0,0.0,0.0,0.0,0.0,0.0,0.0,0.0,0.0,0.0,0.0,0.0,0.0,0.0,0.0,0.0,0.0,0.0,0.0,0.0,0.0,0.0,0.0,0.0,0.0,0.0,0.0,3.66
45,2.0,3.0,2.0,3.0,3.0,2.0,0.0,4.0,4.0,0.0,4.0,4.0,3.0,0.0,2.0,0.0,0.0,5.0,4.0,4.0,4.0,4.0,3.0,3.0,3.0,4.0,2.0,0.0,0.0,0.0,0.0,0.0,0.0,0.0,2.0,4.0,2.0,3.0,3.0,3.0,0.0,2.0,0.0,0.0,4.0,2.0,0.0,0.0,0.0,0.0,2.0,0.0,0.0,5.0,0.0,0.0,3.0,4.0,4.0,3.0,0.0,4.0,0.0,0.0,4.0,0.0,0.0,4.0,0.0,0.0,0.0,2.0,0.0,0.0,0.0,0.0,0.0,0.0,0.0,3.0,4.0,2.0,4.0,3.0,2.0,3.0,3.0,0.0,0.0,3.0,0.0,0.0,0.0,4.0,0.0,0.0,0.0,0.0,0.0,0.0,0.0,0.0,0.0,0.0,0.0,4.0,0.0,5.0,5.0,3.0,3.0,2.0,0.0,0.0,0.0,0.0,0.0,3.07
46,3.0,3.0,2.0,3.0,2.0,0.0,3.0,3.0,5.0,2.0,4.0,0.0,5.0,0.0,0.0,0.0,0.0,5.0,3.0,4.0,0.0,0.0,3.0,3.0,4.0,4.0,3.0,0.0,0.0,5.0,0.0,0.0,0.0,0.0,2.0,3.0,3.0,2.0,2.0,3.0,0.0,0.0,0.0,0.0,5.0,3.0,0.0,0.0,0.0,0.0,2.0,0.0,0.0,5.0,0.0,0.0,0.0,4.0,3.0,3.0,0.0,4.0,0.0,0.0,4.0,0.0,0.0,4.0,0.0,0.0,0.0,0.0,0.0,0.0,0.0,0.0,0.0,0.0,0.0,4.0,4.0,2.0,5.0,4.0,0.0,3.0,0.0,0.0,0.0,4.0,0.0,0.0,0.0,0.0,0.0,0.0,0.0,3.0,0.0,0.0,0.0,0.0,0.0,0.0,0.0,5.0,0.0,0.0,2.0,5.0,2.0,5.0,0.0,0.0,0.0,0.0,0.0,2.9
47,4.0,4.0,3.0,4.0,5.0,4.0,4.0,5.0,4.0,5.0,5.0,5.0,5.0,5.0,0.0,0.0,5.0,0.0,5.0,5.0,5.0,5.0,5.0,5.0,3.0,4.0,5.0,0.0,0.0,0.0,5.0,0.0,0.0,0.0,5.0,5.0,5.0,5.0,3.0,5.0,0.0,0.0,0.0,0.0,5.0,5.0,0.0,0.0,0.0,0.0,5.0,0.0,0.0,5.0,0.0,0.0,5.0,5.0,5.0,4.0,0.0,5.0,0.0,0.0,5.0,0.0,0.0,5.0,0.0,0.0,0.0,0.0,0.0,0.0,0.0,0.0,0.0,0.0,0.0,4.0,5.0,5.0,5.0,4.0,4.0,5.0,5.0,0.0,0.0,4.0,0.0,0.0,0.0,0.0,0.0,0.0,0.0,0.0,0.0,0.0,0.0,0.0,0.0,0.0,0.0,5.0,5.0,5.0,5.0,5.0,5.0,5.0,0.0,0.0,0.0,0.0,0.0,4.65
48,5.0,4.0,2.0,2.0,5.0,3.0,4.0,5.0,5.0,3.0,4.0,5.0,4.0,0.0,2.0,0.0,4.0,0.0,3.0,3.0,4.0,4.0,3.0,2.0,2.0,4.0,3.0,0.0,0.0,4.0,0.0,0.0,0.0,0.0,3.0,3.0,3.0,2.0,3.0,3.0,0.0,0.0,0.0,0.0,2.0,2.0,0.0,0.0,0.0,0.0,2.0,0.0,0.0,0.0,0.0,0.0,0.0,0.0,0.0,0.0,0.0,0.0,0.0,0.0,0.0,0.0,0.0,0.0,0.0,0.0,0.0,0.0,0.0,0.0,0.0,0.0,0.0,0.0,0.0,0.0,0.0,0.0,0.0,0.0,0.0,0.0,0.0,0.0,0.0,0.0,0.0,0.0,0.0,0.0,0.0,0.0,0.0,0.0,0.0,0.0,0.0,0.0,0.0,0.0,0.0,0.0,0.0,0.0,0.0,0.0,0.0,0.0,0.0,0.0,0.0,0.0,0.0,3.13
49,2.0,3.0,0.0,4.0,4.0,0.0,0.0,2.0,2.0,4.0,2.0,0.0,5.0,0.0,2.0,4.0,0.0,0.0,3.0,5.0,3.0,3.0,3.0,2.0,3.0,4.0,3.0,0.0,0.0,0.0,0.0,0.0,0.0,0.0,0.0,0.0,4.0,3.0,2.0,0.0,0.0,0.0,0.0,0.0,0.0,3.0,0.0,0.0,0.0,0.0,2.0,0.0,0.0,4.0,0.0,0.0,2.0,3.0,3.0,4.0,0.0,4.0,0.0,0.0,3.0,0.0,0.0,3.0,0.0,0.0,0.0,0.0,0.0,0.0,0.0,0.0,0.0,0.0,0.0,5.0,5.0,2.0,3.0,3.0,0.0,3.0,3.0,0.0,0.0,4.0,0.0,0.0,0.0,0.0,0.0,0.0,0.0,0.0,0.0,0.0,0.0,0.0,0.0,0.0,0.0,4.0,0.0,3.0,4.0,3.0,2.0,4.0,0.0,0.0,0.0,0.0,0.0,2.67
50,2.0,2.0,2.0,2.0,4.0,0.0,0.0,3.0,5.0,3.0,4.0,4.0,5.0,4.0,0.0,0.0,0.0,5.0,3.0,4.0,4.0,3.0,4.0,3.0,3.0,3.0,3.0,0.0,0.0,0.0,0.0,0.0,0.0,0.0,2.0,3.0,5.0,2.0,3.0,3.0,3.0,2.0,0.0,0.0,4.0,2.0,0.0,0.0,0.0,0.0,3.0,0.0,0.0,5.0,0.0,0.0,3.0,4.0,3.0,0.0,0.0,4.0,0.0,0.0,4.0,0.0,0.0,5.0,0.0,0.0,4.0,0.0,0.0,0.0,0.0,0.0,0.0,0.0,0.0,4.0,4.0,2.0,5.0,2.0,2.0,3.0,3.0,0.0,0.0,3.0,0.0,0.0,0.0,0.0,0.0,0.0,0.0,0.0,0.0,0.0,0.0,0.0,0.0,3.0,0.0,5.0,2.0,0.0,4.0,3.0,2.0,0.0,0.0,0.0,0.0,0.0,0.0,3.22
51,3.0,3.0,2.0,3.0,3.0,0.0,0.0,3.0,0.0,2.0,4.0,5.0,2.0,0.0,3.0,0.0,2.0,0.0,3.0,4.0,3.0,3.0,0.0,0.0,0.0,4.0,2.0,0.0,0.0,4.0,0.0,0.0,0.0,0.0,2.0,2.0,0.0,0.0,2.0,4.0,2.0,2.0,0.0,0.0,0.0,2.0,0.0,0.0,0.0,0.0,0.0,0.0,0.0,5.0,0.0,0.0,0.0,5.0,5.0,3.0,0.0,5.0,2.0,0.0,4.0,2.0,0.0,4.0,0.0,0.0,0.0,0.0,0.0,0.0,0.0,2.0,0.0,0.0,0.0,3.0,4.0,3.0,0.0,0.0,2.0,0.0,2.0,0.0,0.0,0.0,2.0,0.0,0.0,0.0,0.0,0.0,0.0,0.0,0.0,0.0,0.0,0.0,0.0,0.0,0.0,4.0,2.0,3.0,3.0,0.0,2.0,0.0,0.0,0.0,0.0,0.0,0.0,2.22
52,2.0,4.0,4.0,4.0,4.0,4.0,4.0,5.0,2.0,4.0,5.0,5.0,5.0,0.0,5.0,0.0,0.0,5.0,5.0,5.0,4.0,4.0,5.0,5.0,3.0,5.0,5.0,0.0,0.0,5.0,0.0,0.0,0.0,0.0,5.0,5.0,5.0,4.0,3.0,5.0,0.0,0.0,0.0,0.0,4.0,5.0,0.0,0.0,0.0,0.0,3.0,0.0,0.0,5.0,0.0,0.0,5.0,5.0,5.0,2.0,0.0,5.0,0.0,0.0,4.0,0.0,0.0,5.0,0.0,0.0,0.0,0.0,0.0,0.0,0.0,0.0,0.0,0.0,0.0,4.0,5.0,4.0,5.0,4.0,3.0,4.0,5.0,0.0,0.0,3.0,0.0,0.0,0.0,0.0,0.0,0.0,0.0,0.0,0.0,0.0,0.0,0.0,0.0,0.0,0.0,5.0,4.0,5.0,5.0,5.0,2.0,4.0,0.0,0.0,0.0,0.0,0.0,4.29
53,0.0,0.0,0.0,0.0,0.0,0.0,0.0,0.0,0.0,0.0,0.0,0.0,0.0,0.0,0.0,0.0,0.0,0.0,0.0,0.0,0.0,0.0,0.0,0.0,0.0,0.0,0.0,0.0,0.0,0.0,0.0,0.0,0.0,0.0,0.0,0.0,0.0,0.0,0.0,0.0,0.0,0.0,0.0,0.0,0.0,0.0,0.0,0.0,0.0,0.0,0.0,0.0,0.0,0.0,0.0,0.0,0.0,0.0,0.0,0.0,0.0,0.0,0.0,0.0,0.0,0.0,0.0,0.0,0.0,0.0,0.0,0.0,0.0,0.0,0.0,0.0,0.0,0.0,0.0,0.0,0.0,0.0,0.0,0.0,0.0,0.0,0.0,0.0,0.0,0.0,0.0,0.0,0.0,0.0,0.0,0.0,0.0,0.0,0.0,0.0,0.0,0.0,0.0,0.0,0.0,0.0,0.0,0.0,0.0,0.0,0.0,0.0,0.0,0.0,0.0,0.0,0.0,0.0
54,3.0,3.0,0.0,2.0,2.0,0.0,0.0,0.0,5.0,0.0,2.0,0.0,2.0,0.0,3.0,0.0,0.0,5.0,2.0,3.0,2.0,0.0,4.0,0.0,3.0,4.0,2.0,0.0,0.0,0.0,0.0,0.0,0.0,0.0,0.0,0.0,0.0,0.0,0.0,0.0,0.0,0.0,0.0,0.0,0.0,0.0,0.0,0.0,0.0,0.0,0.0,0.0,0.0,0.0,0.0,0.0,0.0,0.0,0.0,0.0,0.0,0.0,0.0,0.0,0.0,0.0,0.0,0.0,0.0,0.0,0.0,0.0,0.0,0.0,0.0,0.0,0.0,0.0,0.0,0.0,0.0,0.0,0.0,0.0,0.0,0.0,0.0,0.0,0.0,0.0,0.0,0.0,0.0,0.0,0.0,0.0,0.0,0.0,0.0,0.0,0.0,0.0,0.0,0.0,0.0,0.0,0.0,0.0,0.0,0.0,0.0,0.0,0.0,0.0,0.0,0.0,0.0,1.9
55,4.0,3.0,0.0,5.0,3.0,3.0,3.0,5.0,5.0,4.0,4.0,3.0,3.0,5.0,0.0,0.0,0.0,5.0,3.0,4.0,5.0,4.0,3.0,4.0,2.0,5.0,4.0,0.0,0.0,0.0,5.0,2.0,0.0,0.0,2.0,3.0,3.0,2.0,3.0,5.0,0.0,0.0,0.0,0.0,3.0,3.0,0.0,0.0,0.0,0.0,2.0,0.0,0.0,5.0,0.0,0.0,4.0,5.0,5.0,3.0,0.0,5.0,0.0,0.0,4.0,0.0,0.0,4.0,0.0,0.0,0.0,0.0,0.0,0.0,0.0,0.0,0.0,0.0,0.0,4.0,5.0,3.0,5.0,5.0,3.0,5.0,2.0,0.0,0.0,4.0,0.0,0.0,0.0,0.0,0.0,0.0,0.0,0.0,0.0,0.0,0.0,0.0,0.0,0.0,0.0,4.0,2.0,5.0,5.0,4.0,3.0,2.0,0.0,0.0,0.0,0.0,0.0,3.58
56,3.0,3.0,2.0,3.0,5.0,3.0,2.0,4.0,3.0,4.0,5.0,5.0,5.0,3.0,0.0,0.0,4.0,0.0,4.0,5.0,3.0,4.0,5.0,5.0,3.0,4.0,4.0,0.0,0.0,0.0,5.0,0.0,0.0,0.0,5.0,5.0,4.0,3.0,3.0,4.0,0.0,0.0,0.0,0.0,5.0,5.0,0.0,0.0,0.0,0.0,3.0,0.0,0.0,5.0,0.0,0.0,5.0,5.0,5.0,3.0,0.0,4.0,0.0,0.0,4.0,0.0,0.0,5.0,0.0,0.0,0.0,0.0,0.0,0.0,0.0,0.0,0.0,0.0,0.0,5.0,5.0,5.0,5.0,4.0,4.0,5.0,5.0,0.0,0.0,4.0,0.0,0.0,0.0,0.0,0.0,0.0,0.0,0.0,0.0,0.0,0.0,0.0,0.0,0.0,0.0,5.0,4.0,5.0,5.0,5.0,4.0,4.0,0.0,0.0,0.0,0.0,0.0,4.2
57,3.0,3.0,2.0,3.0,3.0,3.0,3.0,4.0,3.0,2.0,3.0,3.0,2.0,0.0,2.0,0.0,0.0,5.0,3.0,5.0,3.0,4.0,2.0,3.0,2.0,4.0,3.0,0.0,0.0,4.0,0.0,0.0,0.0,0.0,2.0,4.0,5.0,2.0,2.0,3.0,0.0,0.0,0.0,0.0,2.0,3.0,0.0,0.0,0.0,0.0,3.0,0.0,0.0,4.0,0.0,0.0,4.0,3.0,3.0,2.0,0.0,3.0,0.0,0.0,4.0,0.0,0.0,4.0,0.0,0.0,0.0,0.0,0.0,0.0,0.0,0.0,0.0,0.0,0.0,4.0,5.0,5.0,5.0,4.0,3.0,3.0,3.0,0.0,0.0,4.0,0.0,0.0,0.0,0.0,0.0,0.0,0.0,0.0,0.0,0.0,0.0,0.0,0.0,0.0,0.0,4.0,4.0,5.0,4.0,4.0,2.0,3.0,0.0,0.0,0.0,0.0,0.0,3.24
58,2.0,3.0,3.0,5.0,5.0,4.0,5.0,5.0,4.0,3.0,5.0,4.0,4.0,0.0,4.0,0.0,0.0,5.0,5.0,5.0,5.0,5.0,4.0,5.0,3.0,5.0,5.0,0.0,0.0,5.0,0.0,0.0,0.0,0.0,5.0,5.0,5.0,4.0,5.0,5.0,0.0,5.0,0.0,0.0,5.0,5.0,0.0,0.0,0.0,0.0,5.0,0.0,0.0,5.0,0.0,0.0,5.0,4.0,5.0,3.0,0.0,5.0,0.0,0.0,5.0,0.0,0.0,5.0,0.0,0.0,0.0,0.0,0.0,0.0,0.0,0.0,0.0,0.0,0.0,5.0,5.0,5.0,5.0,5.0,5.0,5.0,5.0,0.0,0.0,4.0,0.0,0.0,0.0,0.0,0.0,0.0,0.0,0.0,0.0,0.0,0.0,0.0,0.0,0.0,0.0,5.0,5.0,5.0,5.0,5.0,5.0,4.0,0.0,0.0,0.0,0.0,0.0,4.62
59,3.0,2.0,2.0,3.0,3.0,3.0,0.0,2.0,2.0,3.0,4.0,0.0,2.0,0.0,4.0,0.0,0.0,5.0,4.0,5.0,4.0,4.0,4.0,3.0,3.0,4.0,4.0,0.0,0.0,5.0,0.0,0.0,0.0,0.0,3.0,5.0,5.0,4.0,3.0,4.0,0.0,4.0,0.0,0.0,4.0,4.0,0.0,0.0,5.0,0.0,3.0,0.0,0.0,4.0,0.0,0.0,4.0,4.0,4.0,0.0,0.0,5.0,0.0,0.0,4.0,0.0,0.0,3.0,0.0,0.0,0.0,0.0,0.0,0.0,0.0,0.0,0.0,0.0,0.0,4.0,4.0,3.0,5.0,4.0,3.0,4.0,3.0,0.0,0.0,4.0,0.0,0.0,0.0,0.0,0.0,0.0,0.0,0.0,0.0,0.0,0.0,0.0,0.0,5.0,0.0,5.0,5.0,4.0,5.0,5.0,4.0,5.0,0.0,0.0,0.0,0.0,0.0,3.46
60,2.0,3.0,2.0,3.0,3.0,2.0,4.0,4.0,3.0,3.0,4.0,4.0,2.0,0.0,3.0,4.0,0.0,0.0,2.0,3.0,4.0,4.0,2.0,2.0,0.0,3.0,2.0,0.0,0.0,4.0,0.0,0.0,0.0,0.0,2.0,3.0,2.0,2.0,3.0,3.0,0.0,0.0,0.0,0.0,2.0,0.0,0.0,0.0,0.0,0.0,2.0,0.0,0.0,5.0,0.0,0.0,3.0,5.0,3.0,3.0,0.0,5.0,0.0,0.0,0.0,2.0,0.0,4.0,0.0,0.0,0.0,0.0,0.0,0.0,0.0,0.0,0.0,0.0,0.0,4.0,5.0,3.0,3.0,2.0,2.0,4.0,2.0,0.0,0.0,3.0,0.0,0.0,0.0,0.0,0.0,0.0,0.0,0.0,0.0,0.0,0.0,0.0,0.0,0.0,0.0,3.0,2.0,3.0,3.0,4.0,0.0,4.0,0.0,0.0,0.0,0.0,0.0,2.8
61,3.0,3.0,2.0,3.0,2.0,3.0,2.0,3.0,4.0,2.0,3.0,0.0,2.0,5.0,0.0,4.0,0.0,0.0,2.0,2.0,2.0,3.0,3.0,0.0,2.0,0.0,0.0,0.0,0.0,0.0,5.0,0.0,0.0,0.0,0.0,4.0,3.0,2.0,2.0,4.0,0.0,0.0,0.0,0.0,3.0,3.0,0.0,0.0,0.0,0.0,2.0,0.0,0.0,4.0,0.0,0.0,2.0,4.0,3.0,3.0,0.0,3.0,0.0,0.0,4.0,0.0,0.0,4.0,4.0,0.0,0.0,0.0,0.0,0.0,0.0,0.0,0.0,0.0,0.0,5.0,4.0,3.0,2.0,3.0,2.0,2.0,0.0,0.0,0.0,3.0,0.0,0.0,0.0,0.0,4.0,0.0,0.0,0.0,0.0,0.0,0.0,0.0,0.0,0.0,0.0,4.0,0.0,3.0,4.0,3.0,2.0,2.0,0.0,0.0,0.0,0.0,0.0,2.55
62,2.0,3.0,2.0,3.0,4.0,2.0,3.0,5.0,5.0,3.0,4.0,5.0,3.0,0.0,4.0,4.0,0.0,0.0,3.0,5.0,4.0,3.0,4.0,2.0,3.0,4.0,2.0,0.0,0.0,4.0,0.0,0.0,0.0,0.0,3.0,5.0,5.0,4.0,3.0,4.0,0.0,0.0,0.0,0.0,4.0,5.0,0.0,0.0,0.0,0.0,4.0,0.0,0.0,5.0,0.0,0.0,4.0,5.0,4.0,3.0,0.0,4.0,0.0,0.0,5.0,0.0,0.0,3.0,0.0,0.0,0.0,0.0,0.0,0.0,0.0,0.0,0.0,0.0,0.0,5.0,5.0,3.0,5.0,5.0,2.0,5.0,5.0,0.0,0.0,3.0,0.0,0.0,0.0,0.0,0.0,0.0,0.0,0.0,0.0,0.0,0.0,0.0,0.0,0.0,0.0,5.0,2.0,4.0,4.0,5.0,3.0,4.0,0.0,0.0,0.0,0.0,0.0,3.84
63,3.0,2.0,2.0,3.0,3.0,3.0,0.0,2.0,5.0,0.0,3.0,4.0,3.0,0.0,3.0,0.0,0.0,5.0,3.0,4.0,3.0,2.0,2.0,3.0,3.0,3.0,0.0,0.0,0.0,4.0,0.0,0.0,0.0,0.0,2.0,4.0,0.0,2.0,0.0,2.0,0.0,2.0,0.0,0.0,3.0,0.0,2.0,0.0,0.0,0.0,2.0,0.0,0.0,5.0,0.0,0.0,2.0,5.0,4.0,3.0,0.0,4.0,0.0,0.0,3.0,0.0,0.0,4.0,4.0,0.0,0.0,0.0,0.0,0.0,0.0,0.0,0.0,2.0,0.0,4.0,4.0,2.0,2.0,3.0,2.0,0.0,0.0,0.0,0.0,3.0,0.0,0.0,0.0,0.0,0.0,0.0,0.0,0.0,0.0,0.0,0.0,0.0,0.0,0.0,0.0,4.0,0.0,4.0,4.0,3.0,2.0,4.0,0.0,0.0,0.0,0.0,0.0,2.61
64,2.0,3.0,2.0,3.0,4.0,4.0,4.0,4.0,0.0,0.0,4.0,5.0,2.0,5.0,0.0,0.0,4.0,0.0,3.0,5.0,5.0,4.0,4.0,3.0,3.0,4.0,4.0,0.0,0.0,0.0,5.0,0.0,0.0,0.0,3.0,4.0,0.0,3.0,2.0,4.0,0.0,0.0,0.0,3.0,4.0,4.0,0.0,0.0,0.0,0.0,3.0,0.0,0.0,5.0,0.0,0.0,5.0,5.0,5.0,3.0,0.0,5.0,0.0,0.0,3.0,0.0,0.0,4.0,0.0,0.0,0.0,0.0,0.0,0.0,0.0,0.0,0.0,0.0,0.0,4.0,4.0,3.0,5.0,4.0,4.0,4.0,4.0,0.0,0.0,3.0,0.0,0.0,0.0,0.0,0.0,0.0,0.0,0.0,0.0,0.0,0.0,0.0,0.0,0.0,0.0,4.0,2.0,3.0,5.0,4.0,0.0,4.0,0.0,0.0,0.0,0.0,0.0,3.45
65,3.0,3.0,2.0,4.0,3.0,3.0,3.0,4.0,5.0,2.0,4.0,4.0,3.0,0.0,3.0,0.0,4.0,0.0,3.0,4.0,3.0,3.0,3.0,2.0,3.0,4.0,2.0,0.0,0.0,4.0,0.0,0.0,0.0,0.0,3.0,4.0,3.0,2.0,3.0,2.0,0.0,0.0,0.0,0.0,2.0,2.0,0.0,0.0,0.0,0.0,3.0,0.0,0.0,5.0,0.0,0.0,2.0,5.0,3.0,3.0,0.0,4.0,0.0,0.0,5.0,0.0,0.0,4.0,0.0,0.0,0.0,0.0,0.0,0.0,0.0,0.0,0.0,0.0,0.0,4.0,5.0,2.0,4.0,4.0,2.0,3.0,2.0,0.0,0.0,4.0,0.0,0.0,0.0,0.0,0.0,0.0,0.0,0.0,0.0,0.0,0.0,0.0,0.0,0.0,0.0,4.0,2.0,4.0,3.0,4.0,0.0,3.0,0.0,0.0,0.0,0.0,0.0,3.22
66,3.0,3.0,2.0,4.0,4.0,3.0,4.0,3.0,3.0,0.0,4.0,5.0,3.0,0.0,4.0,4.0,0.0,0.0,5.0,5.0,4.0,4.0,3.0,3.0,3.0,4.0,4.0,0.0,0.0,4.0,0.0,0.0,0.0,0.0,3.0,4.0,3.0,3.0,3.0,5.0,0.0,0.0,0.0,0.0,4.0,5.0,0.0,0.0,0.0,0.0,4.0,0.0,0.0,4.0,0.0,0.0,4.0,4.0,4.0,2.0,0.0,3.0,0.0,0.0,4.0,0.0,0.0,4.0,0.0,0.0,0.0,0.0,0.0,0.0,0.0,0.0,0.0,0.0,0.0,4.0,5.0,4.0,5.0,4.0,3.0,5.0,5.0,0.0,0.0,3.0,0.0,0.0,0.0,2.0,0.0,0.0,0.0,0.0,0.0,0.0,0.0,0.0,0.0,0.0,0.0,5.0,2.0,4.0,5.0,4.0,2.0,4.0,0.0,0.0,0.0,0.0,0.0,3.68
67,2.0,3.0,2.0,2.0,3.0,2.0,3.0,2.0,4.0,2.0,3.0,4.0,2.0,0.0,0.0,3.0,0.0,0.0,2.0,3.0,2.0,3.0,2.0,3.0,3.0,0.0,2.0,0.0,0.0,4.0,0.0,0.0,0.0,0.0,2.0,3.0,2.0,2.0,2.0,0.0,0.0,0.0,0.0,0.0,3.0,2.0,0.0,0.0,0.0,0.0,0.0,4.0,0.0,5.0,0.0,0.0,2.0,4.0,2.0,0.0,0.0,0.0,0.0,0.0,5.0,0.0,0.0,4.0,0.0,0.0,0.0,0.0,0.0,0.0,0.0,0.0,0.0,0.0,0.0,4.0,4.0,2.0,3.0,3.0,2.0,2.0,0.0,0.0,0.0,2.0,0.0,0.0,0.0,0.0,0.0,0.0,0.0,0.0,0.0,0.0,0.0,0.0,0.0,2.0,0.0,4.0,0.0,4.0,3.0,3.0,2.0,3.0,0.0,0.0,0.0,0.0,0.0,2.42
68,2.0,0.0,2.0,3.0,2.0,0.0,0.0,0.0,3.0,0.0,3.0,0.0,0.0,0.0,0.0,0.0,0.0,5.0,0.0,2.0,3.0,2.0,2.0,0.0,2.0,0.0,0.0,0.0,0.0,0.0,0.0,0.0,0.0,0.0,4.0,4.0,2.0,2.0,3.0,3.0,0.0,0.0,0.0,0.0,0.0,0.0,0.0,0.0,0.0,0.0,0.0,0.0,0.0,5.0,2.0,0.0,0.0,3.0,0.0,3.0,0.0,4.0,0.0,0.0,5.0,0.0,0.0,0.0,0.0,0.0,0.0,0.0,0.0,0.0,0.0,0.0,0.0,0.0,0.0,0.0,0.0,0.0,0.0,0.0,0.0,0.0,0.0,0.0,0.0,0.0,0.0,0.0,0.0,0.0,0.0,0.0,0.0,0.0,0.0,0.0,0.0,0.0,0.0,0.0,0.0,0.0,0.0,0.0,0.0,0.0,0.0,0.0,0.0,0.0,0.0,0.0,0.0,1.85
69,4.0,0.0,2.0,3.0,3.0,2.0,3.0,2.0,3.0,2.0,4.0,0.0,4.0,5.0,0.0,0.0,0.0,5.0,3.0,5.0,4.0,4.0,4.0,4.0,0.0,0.0,4.0,0.0,0.0,0.0,5.0,0.0,0.0,0.0,2.0,4.0,2.0,2.0,3.0,0.0,0.0,0.0,0.0,0.0,3.0,3.0,0.0,0.0,0.0,0.0,0.0,0.0,0.0,0.0,0.0,0.0,0.0,0.0,0.0,0.0,0.0,0.0,0.0,0.0,0.0,0.0,0.0,0.0,0.0,0.0,0.0,0.0,0.0,0.0,0.0,0.0,0.0,0.0,0.0,0.0,0.0,0.0,0.0,0.0,0.0,0.0,0.0,0.0,0.0,0.0,0.0,0.0,0.0,0.0,0.0,0.0,0.0,0.0,0.0,0.0,0.0,0.0,0.0,0.0,0.0,0.0,0.0,0.0,0.0,0.0,0.0,0.0,0.0,0.0,0.0,0.0,0.0,2.84
70,3.0,2.0,2.0,3.0,4.0,2.0,2.0,4.0,4.0,2.0,5.0,5.0,3.0,3.0,0.0,0.0,5.0,0.0,3.0,4.0,5.0,4.0,3.0,2.0,2.0,4.0,2.0,0.0,0.0,0.0,5.0,0.0,0.0,0.0,2.0,4.0,2.0,2.0,3.0,5.0,0.0,0.0,0.0,0.0,4.0,3.0,0.0,0.0,0.0,0.0,2.0,0.0,0.0,5.0,0.0,0.0,5.0,5.0,4.0,3.0,0.0,5.0,0.0,0.0,5.0,0.0,0.0,4.0,0.0,0.0,0.0,0.0,0.0,0.0,0.0,0.0,0.0,0.0,0.0,4.0,5.0,2.0,4.0,3.0,2.0,3.0,5.0,0.0,0.0,3.0,0.0,0.0,0.0,0.0,0.0,0.0,0.0,0.0,0.0,0.0,0.0,0.0,0.0,0.0,0.0,4.0,3.0,4.0,4.0,4.0,2.0,3.0,0.0,0.0,0.0,0.0,0.0,3.39
71,2.0,3.0,2.0,3.0,4.0,4.0,2.0,3.0,4.0,3.0,4.0,5.0,4.0,0.0,4.0,0.0,5.0,0.0,4.0,5.0,3.0,4.0,4.0,3.0,3.0,4.0,5.0,0.0,0.0,0.0,0.0,0.0,0.0,0.0,0.0,0.0,0.0,0.0,0.0,0.0,0.0,0.0,0.0,0.0,0.0,0.0,0.0,0.0,0.0,0.0,0.0,0.0,0.0,0.0,0.0,0.0,0.0,0.0,0.0,0.0,0.0,0.0,0.0,0.0,0.0,0.0,0.0,0.0,0.0,0.0,0.0,0.0,0.0,0.0,0.0,0.0,0.0,0.0,0.0,0.0,0.0,0.0,0.0,0.0,0.0,0.0,0.0,0.0,0.0,0.0,0.0,0.0,0.0,0.0,0.0,0.0,0.0,0.0,0.0,0.0,0.0,0.0,0.0,0.0,0.0,0.0,0.0,0.0,0.0,0.0,0.0,0.0,0.0,0.0,0.0,0.0,0.0,3.6
72,3.0,4.0,0.0,4.0,2.0,2.0,2.0,2.0,4.0,2.0,3.0,4.0,3.0,0.0,0.0,0.0,0.0,0.0,0.0,0.0,0.0,4.0,0.0,0.0,0.0,2.0,0.0,0.0,0.0,3.0,0.0,0.0,0.0,0.0,0.0,2.0,2.0,2.0,0.0,0.0,0.0,0.0,0.0,0.0,2.0,0.0,0.0,0.0,0.0,0.0,2.0,0.0,0.0,0.0,0.0,0.0,0.0,0.0,0.0,0.0,0.0,0.0,0.0,0.0,0.0,0.0,0.0,0.0,0.0,0.0,0.0,0.0,0.0,5.0,0.0,0.0,0.0,0.0,0.0,0.0,0.0,0.0,0.0,0.0,0.0,0.0,0.0,0.0,0.0,0.0,0.0,0.0,5.0,0.0,0.0,0.0,0.0,0.0,0.0,0.0,0.0,0.0,0.0,0.0,0.0,0.0,0.0,0.0,0.0,0.0,0.0,0.0,0.0,0.0,0.0,0.0,0.0,1.59
73,4.0,3.0,3.0,3.0,5.0,3.0,2.0,4.0,4.0,4.0,5.0,4.0,2.0,5.0,0.0,0.0,0.0,5.0,5.0,5.0,3.0,4.0,5.0,4.0,3.0,4.0,3.0,0.0,0.0,0.0,5.0,0.0,0.0,0.0,5.0,5.0,4.0,3.0,2.0,4.0,0.0,0.0,0.0,0.0,5.0,5.0,0.0,0.0,0.0,0.0,4.0,0.0,0.0,0.0,0.0,0.0,0.0,0.0,0.0,0.0,0.0,0.0,0.0,0.0,0.0,0.0,0.0,0.0,0.0,0.0,0.0,0.0,0.0,0.0,0.0,0.0,0.0,0.0,0.0,0.0,0.0,0.0,0.0,0.0,0.0,0.0,0.0,0.0,0.0,0.0,0.0,0.0,0.0,0.0,0.0,0.0,0.0,0.0,0.0,0.0,0.0,0.0,0.0,0.0,0.0,0.0,0.0,0.0,0.0,0.0,0.0,0.0,0.0,0.0,0.0,0.0,0.0,3.95
74,3.0,3.0,2.0,3.0,4.0,3.0,4.0,3.0,2.0,4.0,4.0,2.0,2.0,0.0,4.0,0.0,0.0,5.0,0.0,4.0,4.0,2.0,3.0,2.0,3.0,4.0,2.0,0.0,0.0,3.0,0.0,0.0,0.0,0.0,3.0,5.0,4.0,2.0,3.0,4.0,0.0,0.0,0.0,0.0,3.0,3.0,0.0,0.0,0.0,0.0,2.0,0.0,0.0,4.0,3.0,0.0,2.0,4.0,2.0,2.0,0.0,4.0,0.0,0.0,3.0,0.0,0.0,3.0,0.0,0.0,0.0,0.0,0.0,0.0,0.0,0.0,0.0,0.0,0.0,4.0,5.0,4.0,5.0,5.0,4.0,4.0,4.0,0.0,0.0,4.0,0.0,0.0,0.0,0.0,0.0,0.0,0.0,0.0,0.0,0.0,0.0,0.0,0.0,0.0,0.0,5.0,2.0,5.0,5.0,5.0,3.0,3.0,0.0,0.0,0.0,0.0,0.0,3.22
75,4.0,3.0,3.0,3.0,5.0,3.0,5.0,5.0,5.0,3.0,5.0,3.0,3.0,5.0,0.0,0.0,0.0,5.0,5.0,5.0,4.0,4.0,5.0,4.0,3.0,4.0,2.0,0.0,0.0,0.0,5.0,0.0,0.0,0.0,3.0,5.0,2.0,3.0,3.0,4.0,0.0,0.0,0.0,0.0,2.0,2.0,0.0,0.0,0.0,0.0,4.0,0.0,0.0,5.0,0.0,0.0,5.0,5.0,5.0,4.0,0.0,5.0,0.0,0.0,5.0,0.0,0.0,4.0,0.0,0.0,0.0,0.0,0.0,0.0,0.0,0.0,0.0,0.0,0.0,5.0,4.0,3.0,4.0,4.0,2.0,3.0,4.0,0.0,0.0,4.0,0.0,0.0,0.0,0.0,0.0,0.0,0.0,0.0,0.0,0.0,0.0,0.0,0.0,0.0,0.0,4.0,2.0,5.0,5.0,4.0,2.0,4.0,0.0,0.0,0.0,0.0,0.0,3.88
76,0.0,0.0,0.0,0.0,0.0,0.0,0.0,0.0,0.0,0.0,0.0,0.0,0.0,0.0,0.0,0.0,0.0,0.0,0.0,0.0,0.0,0.0,0.0,0.0,0.0,0.0,0.0,0.0,0.0,0.0,0.0,0.0,0.0,0.0,0.0,0.0,0.0,0.0,0.0,0.0,0.0,0.0,0.0,0.0,0.0,0.0,0.0,0.0,0.0,0.0,0.0,0.0,0.0,0.0,0.0,0.0,0.0,0.0,0.0,0.0,0.0,0.0,0.0,0.0,0.0,0.0,0.0,0.0,0.0,0.0,0.0,0.0,0.0,0.0,0.0,0.0,0.0,0.0,0.0,0.0,0.0,0.0,0.0,0.0,0.0,0.0,0.0,0.0,0.0,0.0,0.0,0.0,0.0,0.0,0.0,0.0,0.0,0.0,0.0,0.0,0.0,0.0,0.0,0.0,0.0,0.0,0.0,0.0,0.0,0.0,0.0,0.0,0.0,0.0,0.0,0.0,0.0,0.0
77,3.0,3.0,2.0,3.0,2.0,4.0,4.0,0.0,5.0,0.0,5.0,0.0,2.0,5.0,0.0,4.0,0.0,0.0,4.0,5.0,4.0,5.0,2.0,3.0,3.0,5.0,2.0,0.0,0.0,0.0,0.0,0.0,0.0,0.0,2.0,4.0,4.0,0.0,2.0,3.0,0.0,0.0,3.0,0.0,3.0,2.0,2.0,0.0,0.0,0.0,2.0,0.0,0.0,0.0,0.0,0.0,4.0,4.0,4.0,3.0,0.0,0.0,0.0,0.0,5.0,0.0,0.0,3.0,0.0,0.0,3.0,0.0,0.0,0.0,0.0,0.0,0.0,0.0,0.0,3.0,5.0,4.0,4.0,4.0,2.0,3.0,4.0,0.0,0.0,4.0,0.0,0.0,0.0,0.0,0.0,0.0,0.0,0.0,0.0,5.0,0.0,0.0,0.0,0.0,0.0,4.0,2.0,4.0,5.0,4.0,2.0,4.0,3.0,0.0,0.0,0.0,0.0,3.25
78,2.0,2.0,2.0,3.0,2.0,2.0,2.0,3.0,4.0,3.0,3.0,4.0,2.0,4.0,0.0,0.0,0.0,5.0,2.0,4.0,3.0,3.0,3.0,3.0,3.0,4.0,3.0,0.0,0.0,0.0,5.0,0.0,0.0,0.0,2.0,4.0,2.0,2.0,2.0,4.0,0.0,0.0,0.0,0.0,4.0,3.0,0.0,0.0,0.0,0.0,2.0,0.0,0.0,5.0,0.0,0.0,4.0,5.0,5.0,3.0,0.0,3.0,0.0,0.0,5.0,0.0,0.0,4.0,0.0,0.0,0.0,0.0,0.0,0.0,0.0,0.0,0.0,0.0,0.0,5.0,3.0,2.0,4.0,4.0,2.0,3.0,5.0,0.0,0.0,3.0,0.0,0.0,0.0,0.0,0.0,0.0,0.0,0.0,0.0,0.0,0.0,0.0,0.0,0.0,0.0,4.0,0.0,4.0,4.0,3.0,2.0,3.0,0.0,0.0,0.0,0.0,0.0,3.21
79,2.0,2.0,0.0,4.0,3.0,2.0,3.0,2.0,3.0,4.0,3.0,0.0,3.0,0.0,2.0,0.0,3.0,0.0,2.0,5.0,3.0,3.0,5.0,4.0,3.0,2.0,4.0,0.0,0.0,4.0,0.0,3.0,0.0,0.0,3.0,4.0,3.0,3.0,3.0,3.0,0.0,0.0,0.0,0.0,4.0,3.0,0.0,0.0,0.0,0.0,3.0,0.0,0.0,5.0,0.0,0.0,4.0,3.0,5.0,3.0,0.0,5.0,0.0,0.0,4.0,0.0,0.0,5.0,0.0,0.0,0.0,0.0,0.0,0.0,0.0,0.0,0.0,0.0,0.0,5.0,4.0,3.0,4.0,3.0,3.0,4.0,3.0,0.0,0.0,3.0,0.0,0.0,0.0,0.0,0.0,0.0,0.0,0.0,0.0,0.0,0.0,0.0,0.0,0.0,0.0,5.0,2.0,4.0,4.0,5.0,4.0,2.0,0.0,0.0,0.0,0.0,0.0,3.35
80,2.0,2.0,2.0,2.0,4.0,2.0,2.0,2.0,3.0,3.0,4.0,2.0,2.0,0.0,3.0,0.0,4.0,0.0,3.0,3.0,2.0,3.0,3.0,2.0,3.0,4.0,2.0,0.0,0.0,3.0,0.0,0.0,0.0,0.0,3.0,3.0,4.0,2.0,2.0,4.0,0.0,0.0,0.0,0.0,2.0,2.0,0.0,0.0,0.0,0.0,2.0,0.0,0.0,5.0,0.0,0.0,4.0,5.0,4.0,3.0,0.0,4.0,0.0,0.0,4.0,0.0,0.0,5.0,0.0,0.0,0.0,0.0,0.0,0.0,0.0,0.0,0.0,0.0,0.0,5.0,4.0,3.0,5.0,4.0,3.0,3.0,4.0,0.0,0.0,4.0,0.0,0.0,0.0,0.0,0.0,0.0,0.0,0.0,0.0,0.0,0.0,0.0,0.0,0.0,0.0,4.0,3.0,3.0,4.0,4.0,3.0,4.0,0.0,0.0,0.0,0.0,0.0,3.16
81,3.0,2.0,2.0,2.0,3.0,2.0,0.0,2.0,5.0,0.0,4.0,5.0,2.0,0.0,3.0,0.0,0.0,5.0,2.0,3.0,3.0,3.0,4.0,2.0,3.0,4.0,2.0,0.0,0.0,0.0,0.0,0.0,0.0,0.0,2.0,4.0,0.0,4.0,0.0,5.0,0.0,4.0,0.0,0.0,3.0,3.0,4.0,0.0,0.0,0.0,2.0,0.0,0.0,5.0,0.0,0.0,5.0,5.0,5.0,3.0,0.0,5.0,0.0,0.0,4.0,0.0,0.0,5.0,0.0,0.0,0.0,0.0,0.0,0.0,0.0,2.0,0.0,0.0,0.0,5.0,5.0,3.0,4.0,4.0,2.0,3.0,3.0,0.0,0.0,0.0,0.0,0.0,0.0,0.0,0.0,0.0,0.0,0.0,0.0,0.0,0.0,0.0,0.0,0.0,0.0,5.0,2.0,4.0,4.0,4.0,4.0,3.0,0.0,0.0,0.0,0.0,0.0,3.09
82,3.0,3.0,2.0,4.0,4.0,4.0,3.0,5.0,5.0,3.0,4.0,4.0,3.0,0.0,2.0,0.0,5.0,0.0,5.0,4.0,3.0,3.0,3.0,2.0,3.0,4.0,2.0,0.0,0.0,4.0,0.0,0.0,0.0,0.0,3.0,4.0,4.0,2.0,4.0,5.0,0.0,0.0,0.0,0.0,4.0,3.0,0.0,0.0,0.0,0.0,4.0,0.0,0.0,5.0,0.0,0.0,4.0,5.0,3.0,4.0,0.0,4.0,0.0,0.0,5.0,0.0,0.0,4.0,0.0,0.0,0.0,0.0,0.0,0.0,0.0,0.0,0.0,0.0,0.0,5.0,4.0,3.0,4.0,4.0,4.0,4.0,5.0,0.0,0.0,4.0,0.0,0.0,0.0,0.0,0.0,0.0,0.0,0.0,0.0,0.0,0.0,0.0,0.0,0.0,0.0,4.0,2.0,4.0,3.0,3.0,3.0,3.0,0.0,0.0,0.0,0.0,0.0,3.74
83,3.0,2.0,2.0,3.0,2.0,2.0,2.0,3.0,2.0,0.0,3.0,5.0,4.0,5.0,0.0,0.0,0.0,0.0,3.0,3.0,3.0,3.0,0.0,2.0,0.0,0.0,2.0,0.0,0.0,0.0,4.0,0.0,0.0,0.0,0.0,3.0,4.0,2.0,4.0,3.0,0.0,0.0,0.0,0.0,4.0,3.0,3.0,0.0,0.0,0.0,4.0,0.0,4.0,0.0,0.0,0.0,2.0,3.0,2.0,4.0,0.0,2.0,2.0,0.0,4.0,0.0,3.0,3.0,0.0,0.0,0.0,0.0,0.0,3.0,0.0,0.0,0.0,0.0,0.0,5.0,4.0,3.0,4.0,3.0,2.0,4.0,2.0,0.0,0.0,3.0,0.0,0.0,0.0,0.0,0.0,0.0,0.0,0.0,0.0,0.0,0.0,0.0,0.0,0.0,0.0,5.0,3.0,4.0,3.0,4.0,3.0,4.0,0.0,0.0,5.0,0.0,0.0,2.66
84,3.0,2.0,2.0,3.0,2.0,2.0,4.0,2.0,2.0,0.0,5.0,0.0,3.0,3.0,0.0,0.0,3.0,0.0,2.0,2.0,2.0,2.0,2.0,3.0,3.0,2.0,0.0,0.0,0.0,0.0,5.0,0.0,0.0,0.0,2.0,4.0,0.0,0.0,2.0,3.0,0.0,0.0,0.0,0.0,0.0,2.0,5.0,0.0,0.0,0.0,2.0,0.0,0.0,5.0,0.0,0.0,5.0,3.0,3.0,4.0,0.0,4.0,0.0,0.0,4.0,0.0,0.0,2.0,5.0,0.0,0.0,0.0,0.0,0.0,0.0,0.0,0.0,0.0,0.0,5.0,4.0,0.0,0.0,0.0,2.0,3.0,0.0,0.0,0.0,3.0,0.0,0.0,0.0,0.0,4.0,0.0,0.0,0.0,0.0,0.0,0.0,0.0,0.0,0.0,0.0,3.0,0.0,3.0,4.0,3.0,2.0,2.0,0.0,0.0,0.0,0.0,0.0,2.45
85,2.0,2.0,2.0,3.0,2.0,3.0,2.0,3.0,2.0,2.0,3.0,0.0,2.0,0.0,2.0,3.0,0.0,0.0,3.0,3.0,4.0,3.0,0.0,3.0,3.0,4.0,3.0,0.0,0.0,2.0,0.0,0.0,0.0,0.0,2.0,4.0,2.0,0.0,2.0,0.0,0.0,0.0,0.0,0.0,3.0,3.0,0.0,0.0,0.0,0.0,2.0,0.0,0.0,3.0,0.0,0.0,2.0,3.0,2.0,2.0,0.0,4.0,2.0,0.0,4.0,0.0,0.0,4.0,0.0,0.0,0.0,0.0,0.0,0.0,0.0,0.0,0.0,0.0,0.0,5.0,4.0,3.0,5.0,3.0,2.0,3.0,3.0,0.0,0.0,4.0,0.0,0.0,0.0,0.0,0.0,0.0,0.0,0.0,0.0,0.0,0.0,0.0,0.0,0.0,0.0,5.0,2.0,3.0,5.0,3.0,0.0,3.0,0.0,0.0,0.0,0.0,0.0,2.71
86,3.0,2.0,0.0,3.0,2.0,2.0,0.0,0.0,3.0,0.0,3.0,0.0,0.0,0.0,2.0,0.0,3.0,0.0,0.0,3.0,2.0,2.0,2.0,2.0,3.0,3.0,0.0,0.0,0.0,0.0,0.0,2.0,0.0,0.0,0.0,0.0,0.0,0.0,0.0,0.0,0.0,2.0,0.0,0.0,0.0,0.0,2.0,0.0,0.0,0.0,0.0,0.0,0.0,0.0,3.0,0.0,3.0,5.0,4.0,2.0,0.0,5.0,0.0,0.0,4.0,0.0,0.0,4.0,0.0,0.0,0.0,0.0,0.0,0.0,0.0,0.0,0.0,0.0,0.0,5.0,0.0,0.0,0.0,0.0,0.0,0.0,0.0,0.0,0.0,0.0,0.0,2.0,0.0,0.0,0.0,2.0,0.0,0.0,0.0,0.0,0.0,0.0,0.0,0.0,0.0,2.0,0.0,2.0,2.0,0.0,2.0,2.0,0.0,0.0,0.0,0.0,0.0,1.7
87,4.0,2.0,2.0,5.0,5.0,2.0,2.0,5.0,5.0,5.0,5.0,5.0,4.0,0.0,3.0,0.0,0.0,5.0,3.0,4.0,4.0,4.0,3.0,4.0,3.0,3.0,5.0,0.0,0.0,4.0,0.0,0.0,0.0,0.0,3.0,5.0,5.0,5.0,3.0,3.0,0.0,0.0,0.0,0.0,5.0,5.0,0.0,0.0,0.0,0.0,3.0,0.0,0.0,5.0,0.0,0.0,5.0,5.0,5.0,2.0,0.0,5.0,0.0,0.0,5.0,0.0,0.0,4.0,0.0,0.0,0.0,0.0,0.0,0.0,0.0,0.0,0.0,0.0,0.0,5.0,5.0,5.0,5.0,5.0,3.0,4.0,4.0,0.0,0.0,4.0,0.0,0.0,0.0,0.0,0.0,0.0,0.0,0.0,0.0,0.0,0.0,0.0,0.0,0.0,0.0,5.0,2.0,4.0,4.0,3.0,4.0,5.0,0.0,0.0,0.0,0.0,0.0,4.15
88,4.0,3.0,3.0,5.0,5.0,4.0,5.0,5.0,5.0,3.0,5.0,5.0,4.0,0.0,5.0,0.0,5.0,0.0,5.0,5.0,4.0,4.0,5.0,3.0,4.0,4.0,4.0,0.0,0.0,5.0,0.0,0.0,0.0,0.0,5.0,5.0,5.0,5.0,5.0,5.0,0.0,0.0,0.0,0.0,5.0,5.0,0.0,0.0,0.0,0.0,4.0,0.0,0.0,5.0,0.0,0.0,5.0,5.0,5.0,2.0,0.0,5.0,0.0,0.0,4.0,0.0,0.0,4.0,0.0,0.0,0.0,0.0,0.0,0.0,0.0,0.0,0.0,0.0,0.0,5.0,5.0,5.0,5.0,5.0,5.0,5.0,5.0,0.0,0.0,3.0,0.0,0.0,0.0,0.0,0.0,0.0,0.0,0.0,0.0,0.0,0.0,0.0,0.0,0.0,0.0,5.0,5.0,5.0,5.0,5.0,5.0,5.0,0.0,0.0,0.0,0.0,0.0,4.55
89,4.0,3.0,5.0,5.0,5.0,4.0,5.0,5.0,4.0,3.0,5.0,3.0,5.0,5.0,0.0,5.0,0.0,0.0,5.0,5.0,4.0,4.0,5.0,4.0,3.0,5.0,5.0,0.0,0.0,0.0,5.0,0.0,0.0,0.0,5.0,5.0,5.0,5.0,3.0,5.0,0.0,0.0,0.0,0.0,5.0,5.0,0.0,0.0,0.0,0.0,5.0,0.0,0.0,5.0,0.0,0.0,5.0,5.0,4.0,4.0,0.0,5.0,0.0,0.0,4.0,0.0,0.0,5.0,0.0,0.0,0.0,0.0,0.0,0.0,0.0,0.0,0.0,0.0,0.0,5.0,5.0,5.0,5.0,5.0,4.0,5.0,4.0,0.0,0.0,4.0,0.0,0.0,0.0,0.0,0.0,0.0,0.0,0.0,0.0,0.0,0.0,0.0,0.0,0.0,0.0,5.0,5.0,5.0,5.0,5.0,5.0,4.0,0.0,0.0,0.0,0.0,0.0,4.61
90,3.0,2.0,2.0,3.0,4.0,3.0,4.0,4.0,2.0,4.0,4.0,3.0,2.0,5.0,0.0,4.0,0.0,0.0,5.0,5.0,4.0,4.0,4.0,3.0,3.0,3.0,2.0,0.0,0.0,0.0,5.0,0.0,0.0,0.0,3.0,4.0,4.0,3.0,2.0,3.0,0.0,0.0,0.0,0.0,3.0,3.0,0.0,0.0,0.0,0.0,2.0,0.0,0.0,5.0,0.0,0.0,5.0,5.0,4.0,5.0,0.0,5.0,0.0,0.0,5.0,0.0,0.0,4.0,0.0,0.0,0.0,0.0,0.0,0.0,0.0,0.0,0.0,0.0,0.0,5.0,5.0,3.0,4.0,4.0,3.0,2.0,2.0,0.0,0.0,4.0,0.0,0.0,0.0,0.0,0.0,0.0,0.0,0.0,0.0,0.0,0.0,0.0,0.0,0.0,0.0,4.0,3.0,4.0,4.0,4.0,2.0,2.0,0.0,0.0,0.0,0.0,0.0,3.6
91,4.0,3.0,2.0,3.0,3.0,3.0,0.0,2.0,4.0,2.0,4.0,2.0,0.0,0.0,4.0,0.0,0.0,5.0,3.0,3.0,3.0,3.0,4.0,3.0,2.0,4.0,4.0,0.0,0.0,5.0,0.0,0.0,0.0,0.0,3.0,2.0,0.0,0.0,2.0,4.0,0.0,2.0,0.0,0.0,0.0,4.0,0.0,0.0,0.0,3.0,3.0,0.0,0.0,4.0,0.0,0.0,4.0,4.0,5.0,4.0,0.0,5.0,0.0,0.0,5.0,0.0,0.0,3.0,0.0,0.0,0.0,0.0,0.0,0.0,0.0,2.0,2.0,0.0,0.0,5.0,4.0,3.0,4.0,4.0,3.0,0.0,4.0,0.0,0.0,0.0,0.0,3.0,0.0,0.0,0.0,0.0,0.0,0.0,0.0,0.0,0.0,0.0,0.0,0.0,0.0,5.0,3.0,4.0,3.0,3.0,3.0,3.0,0.0,0.0,0.0,0.0,0.0,3.06
92,3.0,2.0,0.0,4.0,4.0,2.0,0.0,2.0,3.0,4.0,4.0,4.0,2.0,0.0,3.0,0.0,5.0,0.0,3.0,5.0,4.0,4.0,5.0,3.0,2.0,5.0,3.0,0.0,0.0,3.0,0.0,5.0,0.0,0.0,4.0,5.0,4.0,3.0,2.0,3.0,0.0,0.0,0.0,0.0,4.0,5.0,0.0,0.0,0.0,0.0,2.0,0.0,0.0,5.0,0.0,0.0,5.0,4.0,5.0,5.0,0.0,5.0,0.0,0.0,4.0,0.0,0.0,4.0,0.0,0.0,0.0,0.0,0.0,0.0,0.0,0.0,0.0,0.0,0.0,5.0,4.0,3.0,4.0,3.0,3.0,5.0,4.0,2.0,0.0,3.0,0.0,0.0,0.0,0.0,0.0,0.0,0.0,0.0,0.0,0.0,0.0,0.0,0.0,0.0,0.0,4.0,3.0,5.0,4.0,3.0,2.0,4.0,0.0,0.0,0.0,0.0,0.0,3.61
93,2.0,3.0,3.0,5.0,5.0,4.0,3.0,4.0,5.0,5.0,5.0,5.0,5.0,5.0,0.0,0.0,5.0,0.0,4.0,5.0,4.0,4.0,5.0,4.0,3.0,4.0,5.0,0.0,0.0,0.0,5.0,0.0,0.0,0.0,5.0,5.0,5.0,4.0,3.0,5.0,0.0,0.0,0.0,0.0,5.0,5.0,0.0,0.0,0.0,0.0,5.0,0.0,0.0,4.0,0.0,0.0,5.0,5.0,5.0,2.0,0.0,5.0,0.0,0.0,4.0,0.0,0.0,5.0,0.0,0.0,0.0,0.0,0.0,0.0,0.0,0.0,0.0,0.0,0.0,5.0,5.0,4.0,5.0,4.0,5.0,5.0,5.0,0.0,0.0,4.0,0.0,0.0,0.0,0.0,0.0,0.0,0.0,0.0,0.0,0.0,0.0,0.0,0.0,0.0,0.0,4.0,4.0,4.0,5.0,5.0,4.0,5.0,0.0,0.0,0.0,0.0,0.0,4.48
94,0.0,0.0,0.0,0.0,0.0,0.0,0.0,0.0,0.0,0.0,0.0,0.0,0.0,0.0,0.0,0.0,0.0,0.0,0.0,0.0,0.0,0.0,0.0,0.0,0.0,0.0,0.0,0.0,0.0,0.0,0.0,0.0,0.0,0.0,0.0,0.0,0.0,0.0,0.0,0.0,0.0,0.0,0.0,0.0,0.0,0.0,0.0,0.0,0.0,0.0,0.0,0.0,0.0,0.0,0.0,0.0,0.0,0.0,0.0,0.0,0.0,0.0,0.0,0.0,0.0,0.0,0.0,0.0,0.0,0.0,0.0,0.0,0.0,0.0,0.0,0.0,0.0,0.0,0.0,0.0,0.0,0.0,0.0,0.0,0.0,0.0,0.0,0.0,0.0,0.0,0.0,0.0,0.0,0.0,0.0,0.0,0.0,0.0,0.0,0.0,0.0,0.0,0.0,0.0,0.0,0.0,0.0,0.0,0.0,0.0,0.0,0.0,0.0,0.0,0.0,0.0,0.0,0.0
95,2.0,3.0,2.0,3.0,3.0,3.0,2.0,3.0,4.0,2.0,4.0,5.0,3.0,0.0,4.0,0.0,0.0,5.0,3.0,3.0,4.0,3.0,5.0,3.0,3.0,3.0,3.0,0.0,0.0,5.0,0.0,0.0,0.0,0.0,3.0,3.0,3.0,4.0,3.0,4.0,0.0,0.0,0.0,0.0,4.0,4.0,0.0,0.0,0.0,0.0,4.0,0.0,0.0,5.0,0.0,0.0,5.0,5.0,5.0,2.0,0.0,5.0,0.0,0.0,5.0,0.0,0.0,5.0,0.0,0.0,0.0,0.0,0.0,0.0,0.0,0.0,0.0,0.0,0.0,5.0,4.0,3.0,4.0,3.0,3.0,5.0,5.0,0.0,0.0,4.0,0.0,0.0,0.0,0.0,0.0,0.0,0.0,0.0,0.0,0.0,0.0,0.0,0.0,0.0,0.0,5.0,2.0,4.0,5.0,3.0,4.0,5.0,0.0,0.0,0.0,0.0,0.0,3.68
96,4.0,3.0,2.0,4.0,5.0,3.0,3.0,3.0,5.0,5.0,5.0,4.0,3.0,0.0,5.0,0.0,5.0,0.0,4.0,5.0,4.0,4.0,5.0,3.0,4.0,4.0,5.0,0.0,0.0,5.0,0.0,0.0,0.0,0.0,4.0,5.0,5.0,5.0,3.0,5.0,0.0,0.0,0.0,0.0,5.0,4.0,0.0,0.0,0.0,0.0,5.0,0.0,0.0,5.0,0.0,0.0,5.0,5.0,5.0,3.0,0.0,5.0,0.0,0.0,5.0,0.0,0.0,5.0,0.0,0.0,0.0,0.0,0.0,0.0,0.0,0.0,0.0,0.0,0.0,5.0,5.0,5.0,5.0,5.0,4.0,5.0,5.0,0.0,0.0,4.0,0.0,0.0,0.0,0.0,0.0,0.0,0.0,0.0,0.0,0.0,0.0,0.0,0.0,0.0,0.0,5.0,5.0,5.0,5.0,5.0,5.0,4.0,0.0,0.0,0.0,0.0,0.0,4.42
97,2.0,3.0,0.0,3.0,2.0,0.0,0.0,0.0,4.0,0.0,4.0,5.0,3.0,0.0,0.0,0.0,0.0,5.0,2.0,2.0,2.0,2.0,0.0,0.0,2.0,2.0,2.0,0.0,0.0,0.0,0.0,0.0,0.0,0.0,0.0,0.0,0.0,0.0,0.0,0.0,0.0,0.0,0.0,0.0,0.0,0.0,0.0,0.0,0.0,0.0,0.0,0.0,0.0,0.0,0.0,0.0,0.0,0.0,0.0,0.0,0.0,0.0,0.0,0.0,0.0,0.0,0.0,0.0,0.0,0.0,0.0,0.0,0.0,0.0,0.0,0.0,0.0,0.0,0.0,0.0,0.0,0.0,0.0,0.0,0.0,0.0,0.0,0.0,0.0,0.0,0.0,0.0,0.0,0.0,0.0,0.0,0.0,0.0,0.0,0.0,0.0,0.0,0.0,0.0,0.0,0.0,0.0,0.0,0.0,0.0,0.0,0.0,0.0,0.0,0.0,0.0,0.0,1.75
98,2.0,2.0,0.0,2.0,2.0,2.0,2.0,0.0,3.0,0.0,3.0,4.0,2.0,0.0,2.0,0.0,4.0,0.0,0.0,2.0,2.0,3.0,2.0,0.0,2.0,2.0,2.0,0.0,0.0,4.0,0.0,3.0,0.0,0.0,2.0,4.0,2.0,0.0,0.0,2.0,0.0,0.0,0.0,0.0,4.0,2.0,0.0,0.0,0.0,0.0,2.0,0.0,0.0,5.0,2.0,0.0,5.0,0.0,4.0,4.0,0.0,3.0,0.0,3.0,4.0,0.0,0.0,4.0,0.0,0.0,0.0,0.0,0.0,0.0,0.0,0.0,0.0,0.0,0.0,4.0,4.0,2.0,4.0,2.0,3.0,3.0,0.0,0.0,0.0,3.0,0.0,0.0,0.0,0.0,0.0,0.0,0.0,0.0,0.0,0.0,0.0,0.0,0.0,0.0,0.0,4.0,2.0,3.0,5.0,3.0,2.0,3.0,0.0,0.0,0.0,0.0,0.0,2.35
99,4.0,0.0,2.0,4.0,4.0,3.0,4.0,2.0,4.0,3.0,4.0,5.0,3.0,0.0,3.0,0.0,3.0,0.0,4.0,5.0,3.0,4.0,4.0,4.0,4.0,4.0,2.0,0.0,3.0,3.0,0.0,0.0,0.0,0.0,3.0,5.0,4.0,3.0,2.0,4.0,0.0,0.0,0.0,0.0,5.0,5.0,0.0,0.0,0.0,0.0,3.0,0.0,0.0,5.0,0.0,0.0,5.0,4.0,4.0,3.0,0.0,5.0,0.0,0.0,5.0,0.0,0.0,4.0,0.0,0.0,0.0,0.0,0.0,0.0,0.0,0.0,0.0,0.0,0.0,5.0,5.0,5.0,5.0,4.0,4.0,5.0,5.0,0.0,0.0,4.0,0.0,0.0,0.0,0.0,0.0,0.0,0.0,0.0,0.0,0.0,0.0,0.0,0.0,0.0,0.0,5.0,3.0,4.0,5.0,5.0,4.0,4.0,0.0,0.0,0.0,0.0,0.0,3.94
100,3.0,3.0,2.0,3.0,3.0,0.0,2.0,4.0,4.0,3.0,4.0,0.0,0.0,0.0,2.0,0.0,0.0,5.0,3.0,5.0,3.0,3.0,3.0,3.0,2.0,4.0,3.0,0.0,0.0,0.0,0.0,0.0,0.0,0.0,2.0,4.0,0.0,3.0,3.0,4.0,2.0,0.0,0.0,0.0,2.0,3.0,0.0,0.0,4.0,3.0,2.0,0.0,0.0,5.0,0.0,0.0,4.0,4.0,5.0,3.0,0.0,5.0,0.0,0.0,4.0,0.0,0.0,4.0,0.0,0.0,0.0,0.0,0.0,0.0,0.0,2.0,0.0,0.0,0.0,5.0,3.0,3.0,4.0,4.0,2.0,4.0,3.0,0.0,0.0,4.0,0.0,0.0,0.0,0.0,0.0,0.0,0.0,0.0,0.0,0.0,0.0,0.0,0.0,0.0,0.0,5.0,2.0,4.0,5.0,3.0,2.0,5.0,0.0,0.0,0.0,0.0,0.0,3.14
101,3.0,2.0,2.0,3.0,3.0,2.0,2.0,2.0,2.0,0.0,3.0,5.0,2.0,0.0,4.0,0.0,0.0,5.0,3.0,4.0,4.0,3.0,4.0,2.0,2.0,4.0,3.0,0.0,0.0,4.0,0.0,0.0,0.0,0.0,3.0,4.0,4.0,2.0,3.0,0.0,0.0,0.0,0.0,0.0,5.0,3.0,3.0,0.0,0.0,0.0,2.0,0.0,0.0,0.0,0.0,0.0,0.0,0.0,0.0,0.0,0.0,0.0,0.0,0.0,0.0,0.0,0.0,0.0,0.0,0.0,0.0,0.0,0.0,0.0,0.0,0.0,0.0,0.0,0.0,0.0,0.0,0.0,0.0,0.0,0.0,0.0,0.0,0.0,0.0,0.0,0.0,0.0,0.0,0.0,0.0,0.0,0.0,0.0,0.0,0.0,0.0,0.0,0.0,0.0,0.0,0.0,0.0,0.0,0.0,0.0,0.0,0.0,0.0,0.0,0.0,0.0,0.0,2.91
102,2.0,3.0,0.0,2.0,2.0,3.0,0.0,0.0,2.0,0.0,3.0,3.0,2.0,0.0,2.0,0.0,0.0,5.0,3.0,5.0,3.0,3.0,3.0,2.0,2.0,2.0,2.0,0.0,0.0,2.0,0.0,0.0,0.0,0.0,4.0,2.0,0.0,0.0,2.0,2.0,0.0,2.0,2.0,0.0,0.0,3.0,2.0,0.0,0.0,0.0,0.0,0.0,0.0,5.0,0.0,0.0,4.0,4.0,4.0,2.0,0.0,5.0,0.0,0.0,5.0,0.0,0.0,3.0,0.0,0.0,0.0,0.0,0.0,0.0,0.0,2.0,2.0,0.0,0.0,5.0,0.0,4.0,4.0,4.0,0.0,3.0,0.0,0.0,0.0,0.0,0.0,3.0,0.0,0.0,0.0,0.0,2.0,0.0,0.0,0.0,0.0,0.0,0.0,0.0,0.0,5.0,5.0,4.0,4.0,4.0,2.0,0.0,0.0,0.0,0.0,0.0,0.0,2.57
103,2.0,2.0,2.0,2.0,3.0,2.0,0.0,2.0,4.0,2.0,3.0,4.0,0.0,0.0,3.0,0.0,0.0,5.0,2.0,2.0,2.0,2.0,2.0,2.0,4.0,4.0,2.0,0.0,0.0,0.0,0.0,0.0,0.0,0.0,4.0,3.0,3.0,2.0,3.0,0.0,0.0,2.0,0.0,0.0,2.0,3.0,0.0,0.0,0.0,2.0,2.0,0.0,0.0,5.0,0.0,0.0,5.0,5.0,4.0,3.0,0.0,5.0,0.0,0.0,4.0,0.0,0.0,4.0,0.0,0.0,2.0,0.0,0.0,0.0,0.0,0.0,0.0,0.0,5.0,5.0,5.0,3.0,5.0,5.0,5.0,5.0,4.0,0.0,0.0,3.0,0.0,0.0,0.0,0.0,0.0,0.0,0.0,0.0,0.0,0.0,0.0,0.0,0.0,0.0,0.0,4.0,4.0,3.0,4.0,4.0,5.0,4.0,0.0,0.0,0.0,0.0,0.0,3.15
104,3.0,3.0,2.0,3.0,3.0,3.0,2.0,2.0,4.0,3.0,4.0,3.0,3.0,0.0,3.0,3.0,0.0,0.0,2.0,5.0,4.0,5.0,4.0,3.0,2.0,4.0,2.0,0.0,0.0,4.0,0.0,0.0,0.0,0.0,4.0,4.0,3.0,3.0,3.0,4.0,0.0,0.0,0.0,0.0,3.0,4.0,0.0,0.0,0.0,0.0,2.0,0.0,0.0,5.0,0.0,0.0,3.0,5.0,4.0,3.0,0.0,5.0,0.0,0.0,5.0,0.0,0.0,5.0,0.0,0.0,0.0,0.0,0.0,0.0,0.0,0.0,0.0,0.0,0.0,5.0,4.0,3.0,5.0,4.0,2.0,3.0,4.0,0.0,0.0,4.0,0.0,0.0,0.0,0.0,0.0,0.0,0.0,0.0,0.0,0.0,0.0,0.0,0.0,0.0,0.0,5.0,3.0,4.0,5.0,4.0,5.0,5.0,0.0,0.0,0.0,0.0,0.0,3.49
105,4.0,3.0,2.0,3.0,4.0,3.0,3.0,2.0,2.0,2.0,3.0,2.0,2.0,0.0,5.0,3.0,0.0,0.0,2.0,5.0,4.0,3.0,3.0,3.0,3.0,3.0,3.0,0.0,0.0,4.0,0.0,0.0,0.0,0.0,4.0,4.0,3.0,3.0,2.0,2.0,0.0,0.0,0.0,0.0,4.0,5.0,2.0,0.0,0.0,0.0,4.0,0.0,0.0,3.0,0.0,0.0,4.0,3.0,4.0,0.0,0.0,2.0,0.0,0.0,4.0,0.0,0.0,3.0,0.0,0.0,0.0,0.0,0.0,0.0,0.0,0.0,0.0,0.0,0.0,5.0,5.0,3.0,4.0,3.0,3.0,5.0,4.0,0.0,0.0,3.0,0.0,0.0,0.0,0.0,0.0,0.0,0.0,0.0,0.0,0.0,0.0,0.0,0.0,0.0,4.0,5.0,3.0,3.0,4.0,4.0,3.0,4.0,0.0,0.0,0.0,0.0,0.0,3.26
106,3.0,2.0,2.0,3.0,3.0,0.0,3.0,0.0,5.0,2.0,4.0,2.0,2.0,0.0,3.0,0.0,0.0,5.0,2.0,4.0,2.0,3.0,3.0,4.0,3.0,3.0,0.0,0.0,0.0,3.0,0.0,0.0,0.0,0.0,2.0,2.0,2.0,2.0,0.0,3.0,0.0,0.0,0.0,0.0,0.0,2.0,0.0,0.0,0.0,0.0,0.0,0.0,0.0,0.0,0.0,0.0,0.0,0.0,0.0,0.0,0.0,0.0,0.0,0.0,0.0,0.0,0.0,0.0,0.0,0.0,0.0,0.0,0.0,0.0,0.0,0.0,0.0,0.0,0.0,0.0,0.0,0.0,0.0,0.0,0.0,0.0,0.0,0.0,0.0,0.0,0.0,0.0,0.0,0.0,0.0,0.0,0.0,0.0,0.0,0.0,0.0,0.0,0.0,0.0,0.0,0.0,0.0,0.0,0.0,0.0,0.0,0.0,0.0,0.0,0.0,0.0,0.0,2.27
107,3.0,3.0,2.0,2.0,2.0,3.0,0.0,3.0,2.0,2.0,4.0,4.0,5.0,0.0,3.0,0.0,0.0,5.0,3.0,4.0,4.0,3.0,4.0,3.0,2.0,4.0,3.0,0.0,0.0,5.0,0.0,0.0,0.0,0.0,3.0,3.0,4.0,2.0,4.0,5.0,0.0,3.0,0.0,0.0,3.0,5.0,0.0,0.0,0.0,0.0,3.0,0.0,0.0,4.0,0.0,0.0,3.0,4.0,4.0,3.0,0.0,3.0,0.0,0.0,3.0,0.0,0.0,4.0,0.0,0.0,0.0,0.0,0.0,0.0,0.0,0.0,0.0,0.0,0.0,3.0,4.0,0.0,3.0,3.0,3.0,5.0,2.0,0.0,0.0,3.0,0.0,0.0,0.0,0.0,0.0,0.0,0.0,0.0,0.0,0.0,0.0,0.0,0.0,0.0,0.0,4.0,2.0,4.0,5.0,3.0,2.0,4.0,0.0,0.0,0.0,0.0,0.0,3.13
108,3.0,4.0,0.0,2.0,2.0,2.0,0.0,2.0,5.0,2.0,4.0,3.0,2.0,3.0,0.0,0.0,0.0,5.0,3.0,4.0,4.0,3.0,3.0,2.0,3.0,4.0,2.0,0.0,0.0,0.0,0.0,2.0,0.0,0.0,2.0,2.0,0.0,3.0,2.0,4.0,0.0,2.0,0.0,0.0,4.0,0.0,0.0,0.0,0.0,0.0,2.0,0.0,0.0,5.0,0.0,0.0,3.0,4.0,4.0,5.0,0.0,4.0,0.0,0.0,4.0,0.0,0.0,4.0,0.0,0.0,4.0,0.0,0.0,0.0,0.0,2.0,0.0,0.0,0.0,5.0,5.0,0.0,3.0,3.0,3.0,0.0,2.0,0.0,0.0,0.0,0.0,0.0,2.0,0.0,0.0,0.0,0.0,0.0,0.0,0.0,0.0,0.0,0.0,0.0,0.0,5.0,2.0,4.0,3.0,5.0,2.0,3.0,0.0,0.0,0.0,0.0,0.0,2.78
109,3.0,3.0,0.0,4.0,3.0,3.0,3.0,4.0,3.0,4.0,5.0,3.0,5.0,5.0,0.0,0.0,0.0,5.0,5.0,5.0,4.0,5.0,4.0,3.0,3.0,5.0,5.0,0.0,0.0,0.0,5.0,3.0,0.0,0.0,5.0,5.0,5.0,4.0,3.0,4.0,0.0,0.0,0.0,0.0,5.0,4.0,0.0,0.0,0.0,0.0,5.0,0.0,0.0,5.0,0.0,0.0,5.0,5.0,4.0,4.0,0.0,5.0,0.0,0.0,5.0,0.0,0.0,5.0,0.0,0.0,0.0,0.0,0.0,0.0,0.0,0.0,0.0,0.0,0.0,5.0,5.0,5.0,5.0,4.0,5.0,5.0,5.0,0.0,0.0,4.0,0.0,0.0,0.0,0.0,0.0,0.0,0.0,0.0,0.0,0.0,0.0,0.0,0.0,0.0,0.0,4.0,4.0,5.0,5.0,4.0,5.0,4.0,0.0,0.0,0.0,0.0,0.0,4.27
110,2.0,3.0,2.0,3.0,5.0,3.0,2.0,3.0,4.0,2.0,0.0,2.0,2.0,0.0,4.0,0.0,0.0,5.0,0.0,0.0,4.0,4.0,0.0,0.0,2.0,3.0,0.0,0.0,0.0,4.0,0.0,0.0,0.0,0.0,3.0,5.0,3.0,4.0,3.0,3.0,0.0,0.0,0.0,0.0,3.0,5.0,0.0,0.0,0.0,0.0,2.0,0.0,0.0,0.0,5.0,5.0,5.0,5.0,5.0,3.0,0.0,5.0,5.0,3.0,0.0,0.0,0.0,0.0,5.0,0.0,0.0,0.0,0.0,0.0,0.0,0.0,0.0,0.0,0.0,5.0,5.0,5.0,5.0,5.0,3.0,5.0,5.0,0.0,0.0,4.0,0.0,0.0,0.0,0.0,0.0,0.0,0.0,0.0,0.0,0.0,0.0,0.0,0.0,0.0,0.0,5.0,3.0,5.0,5.0,5.0,5.0,4.0,0.0,4.0,0.0,0.0,3.0,3.89
111,5.0,5.0,5.0,5.0,5.0,5.0,5.0,5.0,5.0,5.0,5.0,5.0,5.0,5.0,5.0,0.0,0.0,5.0,5.0,5.0,5.0,5.0,5.0,5.0,5.0,5.0,5.0,0.0,0.0,5.0,0.0,0.0,0.0,0.0,5.0,5.0,5.0,5.0,5.0,5.0,0.0,5.0,0.0,0.0,5.0,5.0,0.0,0.0,0.0,0.0,5.0,0.0,0.0,5.0,5.0,5.0,5.0,5.0,5.0,5.0,0.0,5.0,5.0,5.0,5.0,0.0,0.0,5.0,0.0,0.0,5.0,0.0,0.0,0.0,0.0,5.0,0.0,0.0,5.0,5.0,5.0,5.0,5.0,5.0,5.0,5.0,5.0,0.0,0.0,5.0,0.0,0.0,0.0,0.0,0.0,0.0,5.0,0.0,0.0,0.0,0.0,0.0,0.0,0.0,0.0,5.0,5.0,5.0,5.0,5.0,5.0,5.0,0.0,5.0,0.0,0.0,5.0,5.0
